,PDBID,CHAIN,WILD_RES,RES_NUM_PDB,MUTANT_RES,Category,PH,TEMPERATURE,Mut_Seq_inv,SEQ Position,EXP_DDG,THPLM_dir,THPLM_rev,THPLME_dir,THPLME_rev,Fold1_dir,Fold2_dir,Fold3_dir,Fold4_dir,Fold5_dir,Fold1_rev,Fold2_rev,Fold3_rev,Fold4_rev,Fold5_rev
41,1SYG,A,A,117,P,Reverse,7,20,A112P,117,-0.8,-0.86568964,0.742706,-1.2513778,1.0075632,-1.290986061,-1.508237362,-1.186356902,-1.161872745,-1.10943377,1.150639176,1.474344015,0.533207476,1.222298861,0.657325745
42,1SYC,A,G,117,P,Reverse,7,20,G112P,117,-0.9,-1.5432068,1.532642,-2.050864,1.966898,-2.112238169,-2.158440113,-1.654641271,-2.257981777,-2.071018696,1.812954187,2.373483896,0.856888652,2.644463062,2.146699667
43,1SYE,A,T,117,P,Reverse,7,0,T112P,117,-1.1,-1.0864745,1.0116692,-1.672992,1.4812677,-1.214504123,-1.591159105,-1.458895087,-2.027897358,-2.072505713,1.104835868,1.73821187,0.949965179,2.10173893,1.511587858
51,1HIB,A,G,9,T,Reverse,6.5,25,G7T,9,2.6,-1.492678,1.3783342,-2.018281,2.1024082,-2.136761665,-1.347274065,-1.567979574,-2.325303078,-2.714086056,2.30131793,1.284831524,1.630008459,2.514791012,2.781091213
52,245L,A,A,6,M,Reverse,3,44,A6M,6,1.9,-1.3643011,1.2465615,-2.3147333,2.2960484,-2.710828781,-2.145998955,-2.27965498,-2.046497822,-2.390683174,2.563718796,2.227353096,2.135345459,2.302092552,2.251730919
53,230L,A,L,6,M,Reverse,3,44,L6M,6,2.8,-0.54983723,0.48841175,-1.6286379,1.6831675,-1.318601489,-1.66437912,-1.788161993,-1.686168313,-1.685877562,1.457082629,1.560699701,1.810582399,1.900545239,1.686926723
54,1QT6,A,H,11,E,Reverse,5.4,65,H11E,11,-0.1,-0.11468737,0.06926684,0.50671756,-0.42160234,0.58043474,0.694459021,0.217932448,0.783482671,0.257279515,-0.502466023,-0.743196785,-0.000719374,-0.689343274,-0.17228508
55,1QT7,A,N,11,E,Reverse,5.4,65,N11E,11,0.1,-0.68168557,0.59962636,-0.28636718,0.2151655,-0.037240911,-0.336362839,-0.61419028,-0.146245822,-0.297795832,-0.063715428,0.349120945,0.329304129,0.259299695,0.20181793
56,239L,A,A,17,I,Reverse,3,44,A17I,17,2.7,-1.5045469,1.5087867,-1.9614305,2.0044932,-1.70341146,-1.62076664,-2.743761539,-1.759317279,-1.979893684,1.634698749,1.799655676,3.175465345,1.456636548,1.956011295
57,253L,A,A,20,D,Reverse,5.4,65,A20D,20,0.3,-0.91462314,0.8819798,-0.74799645,0.8403301,-1.376108527,-0.766182661,-0.857587099,-0.724292696,-0.01581084,1.427551866,0.769490063,0.702486575,1.025448799,0.276673138
58,255L,A,N,20,D,Reverse,5.4,65,N20D,20,-1.3,-0.6253769,0.50806814,-1.2523845,1.3608067,-1.169686794,-1.044819355,-1.805354953,-0.888318777,-1.353741407,1.264788032,1.051909089,1.624480724,1.153571367,1.709283471
59,254L,A,S,20,D,Reverse,5.4,65,S20D,20,-0.7,-0.645921,0.5942012,-0.9300941,1.036282,-1.275690794,-0.893136442,-1.31935823,-0.550247669,-0.61203748,1.40620029,0.940548301,1.20975554,0.756534815,0.868371725
60,240L,A,A,27,I,Reverse,3,44,A27I,27,3.1,-2.0812674,2.0968442,-2.2387228,2.3672924,-2.687227249,-2.403438091,-1.887687564,-2.847225189,-1.368032813,2.682635069,2.321717262,2.378182411,2.783835888,1.670090199
61,1D2W,A,M,27,I,Reverse,5.4,65,M27I,27,3.1,-0.9104487,0.8513714,-1.3766015,1.3625934,-1.39205265,-1.411850691,-1.661439061,-1.449046254,-0.968616426,1.390893102,1.26860261,1.670616508,1.440370917,1.042486668
62,241L,A,A,29,I,Reverse,3,44,A29I,29,2.6,-1.5231367,1.5921273,-1.772517,1.7664595,-1.927911401,-1.33419919,-1.782891631,-1.734339476,-2.083240509,1.884451032,1.561961889,1.70752418,1.695765853,1.982592344
63,1L61,A,N,38,S,Reverse,6.7,62,N38S,38,0,-0.06731542,-0.008518453,-0.38282847,0.5507006,-0.936731756,-0.62645185,0.344144076,-0.495640576,-0.199463755,0.866966784,0.700735688,0.377400011,0.339764416,0.468637466
64,120L,A,S,41,A,Reverse,3,52,S41A,41,0.6,0.03556868,-0.18065044,-0.534272,0.60215783,-0.558188081,-0.692318916,-0.212062389,-0.365764797,-0.843024909,0.537975371,0.684916019,0.308093876,0.611225486,0.86858052
65,1QTB,A,V,42,A,Reverse,3,40,V42A,42,2.7,-0.88078594,0.83050936,-1.4967943,1.6435239,-1.654954433,-1.578203201,-1.279867053,-1.136827707,-1.834119439,1.702655911,1.593756676,1.56863153,1.241025805,2.11155057
66,206L,A,S,42,A,Reverse,3,52,S42A,42,2.3,-0.57561994,0.5268128,-0.71944445,0.7915868,-0.690325797,-0.747603297,-1.102455139,-0.014565051,-1.042271137,0.837723017,0.980474472,0.815802097,0.241442472,1.082491994
67,1L66,A,A,43,K,Reverse,6.7,62,A43K,43,1,-0.2366137,0.17581159,-0.48778605,0.5837678,-0.829549611,-0.20723927,-0.351919711,-0.31534192,-0.734878957,0.809500277,0.578405082,0.766625226,-0.026968598,0.791279376
68,1L68,A,A,44,S,Reverse,6.7,62,A44S,44,-0.3,0.019250017,-0.028680999,-0.25061244,0.15656403,-0.143731549,-0.439713061,-0.494029969,-0.204919785,0.029332526,0.084415421,0.25842002,0.623841465,-0.08968854,-0.094166785
69,108L,A,I,44,S,Reverse,3,52,I44S,44,-0.3,0.57564974,-0.63669515,0.20683488,-0.17821613,0.117831022,-0.098881215,0.899846375,0.039650112,0.075728767,-0.045838591,0.201186582,-0.859514236,-0.137040257,-0.049873453
70,110L,A,L,44,S,Reverse,3,52,L44S,44,-0.4,0.4675621,-0.41195688,-0.29129627,0.30156073,-0.352902204,-0.616351306,0.142542809,-0.378464997,-0.251306355,0.471821547,0.626682818,-0.036079593,0.218721762,0.226659879
71,109L,A,K,44,S,Reverse,3,52,K44S,44,-0.2,0.3318839,-0.4110431,-0.2619051,0.2116003,0.131460473,0.061230451,-0.673854411,-0.362428665,-0.465936184,-0.040207397,0.06530083,0.54140842,0.292762756,0.198734567
72,217L,A,E,44,S,Reverse,3,52,E44S,44,0,0.29056445,-0.44241697,-0.32123002,0.28331313,-0.202033311,-0.398715317,0.032290019,-0.250030279,-0.787659585,0.04874317,0.492212474,0.045698199,0.417668611,0.412240446
73,107L,A,G,44,S,Reverse,3,52,G44S,44,0.5,-0.5530857,0.60574496,-1.2208068,1.1874504,-0.872084856,-1.287502527,-1.173370957,-1.048496127,-1.722578049,0.88393116,1.345524788,1.244098663,0.983537316,1.480159998
74,113L,A,R,44,S,Reverse,3,52,R44S,44,-0.2,0.28724533,-0.4196743,0.09161536,-0.02547122,0.270392448,0.055604205,0.050362043,0.3258816,-0.244161099,-0.040036019,-0.088966191,0.404312581,-0.287209153,-0.115455262
75,111L,A,N,44,S,Reverse,3,52,N44S,44,0.1,-0.03499979,-0.10781381,-0.3897596,0.47653943,-0.368041366,-0.593964338,-0.076620616,-0.555918097,-0.354252756,0.272787631,0.419172734,0.667734563,0.459622473,0.563380122
76,137L,A,F,44,S,Reverse,3,52,F44S,44,-0.1,0.20353398,-0.20000061,-0.27388197,0.42692336,-0.530806363,-0.687197983,0.783170283,-0.359773278,-0.574802935,0.667071164,0.753938854,-0.50416404,0.59674108,0.621030509
77,112L,A,P,44,S,Reverse,3,52,P44S,44,3,-0.6269755,0.6278059,-1.425883,1.5305401,-1.035728812,-1.325134039,-1.58745265,-1.112676501,-2.068422318,1.203969359,1.486451149,1.948250055,1.130584955,1.883445144
78,114L,A,T,44,S,Reverse,3,52,T44S,44,0,0.059623085,-0.046967078,-0.4278732,0.31805262,-0.207665771,-0.298762918,-0.3129825,-0.627775311,-0.692175925,0.207707316,0.230870813,0.32178694,0.287454873,0.542440176
79,115L,A,V,44,S,Reverse,3,52,V44S,44,-0.1,0.29343823,-0.2800252,-0.14957127,0.11467125,-0.120750904,-0.449273586,0.386031479,-0.315248996,-0.248614922,0.266340435,0.538669467,-0.535106897,0.161128223,0.14232561
80,1L67,A,A,46,L,Reverse,6.7,62,A46L,46,1.9,-1.5101064,1.4948736,-1.8812364,1.8557869,-1.921000838,-1.881993294,-2.1598351,-1.318142891,-2.125212431,1.879001856,1.892933846,2.061167955,1.748467445,1.697362542
81,1L65,A,A,47,D,Reverse,6.7,62,A47D,47,1,-0.19467887,-0.015091243,-1.2115275,1.0267398,-0.368115276,-1.26816082,-2.252884626,-0.927470684,-1.240998268,0.268394619,1.289392471,2.10343647,0.602207303,0.87026453
82,221L,A,S,49,A,Reverse,3,52,S49A,49,0.5,-0.48881382,0.39718866,-1.0951059,1.1260233,-0.94962281,-1.260540247,-0.634152651,-1.172496319,-1.458716154,1.027075768,1.255829573,0.697024345,1.213408351,1.436779976
83,242L,A,A,50,I,Reverse,3,44,A50I,50,2,-1.1859857,1.1228492,-1.2247803,1.1603153,-1.49599278,-1.142640114,-1.048855782,-1.197021365,-1.239393473,1.493350744,1.276861429,0.823220909,1.017726541,1.190417051
84,1D2Y,A,M,50,I,Reverse,5.4,65,M50I,50,0.4,-0.5557337,0.46449703,-0.82201385,0.7729454,-0.877684653,-0.584851503,-1.198603868,-0.90180254,-0.547123432,0.963809907,0.60532397,0.851177633,0.947730005,0.496685863
85,243L,A,A,58,I,Reverse,3,44,A58I,58,3.2,-1.916786,1.9054549,-2.652082,2.6543596,-2.339497328,-2.486939669,-2.595093489,-3.07234478,-2.766535282,2.39757061,2.430362701,2.587001562,2.775845051,3.081018209
86,1G1V,A,T,58,I,Reverse,5.4,65,T58I,58,3.4,-1.5045269,1.4670221,-2.5275054,2.5901895,-2.281894445,-2.487046242,-2.402927399,-2.673651218,-2.792005539,2.35526371,2.464191437,2.393148184,2.730906487,3.007437468
87,1LYJ,A,A,59,T,Reverse,6.5,63,A59T,59,1.5,-0.9684922,0.99946296,-1.3432286,1.3793962,-1.547093868,-1.227313995,-1.146531701,-1.464078784,-1.331122518,1.577286482,1.197737217,1.037384391,1.579491973,1.505082011
88,1LYI,A,D,59,T,Reverse,6.5,63,D59T,59,1.2,-0.6773301,0.71995604,-1.0950408,1.2901435,-1.354763269,-0.9439978,-0.440437526,-1.648843408,-1.087166786,1.397445202,1.098485231,1.121548772,1.501168847,1.33206892
89,1LYH,A,G,59,T,Reverse,6.5,63,G59T,59,1.6,-0.96413434,1.073577,-1.0148621,1.0787836,-1.190858006,-1.126839876,-0.994672596,-0.913273692,-0.848666608,1.356703401,0.966876566,0.917017817,0.917755306,1.235568523
90,1LYG,A,N,59,T,Reverse,6.5,63,N59T,59,1.1,-0.58582324,0.5939634,-0.9171141,1.0943577,-1.117311239,-0.702156305,-0.328968883,-1.436021447,-1.001111388,1.077334285,0.750736892,0.939827204,1.380499959,1.323392868
91,1LYF,A,S,59,T,Reverse,6.5,63,S59T,59,0.2,-0.4626809,0.43131775,-1.0765247,1.0603292,-1.064050317,-0.995509565,-1.085200548,-1.129740596,-1.108119011,0.980489552,0.993081152,1.145359159,1.102004528,1.080711722
92,1LYE,A,V,59,T,Reverse,6.5,63,V59T,59,1.5,-0.7561989,0.85926056,-1.1311243,1.293027,-1.190451026,-1.194225788,-0.22401312,-1.463418484,-1.583511591,1.352351546,1.234150887,0.538313031,1.649991632,1.690329313
93,1D3J,A,M,66,L,Reverse,5.4,65,M66L,66,1,-0.72550476,0.694927,-1.5656376,1.6294949,-1.386208653,-1.601598024,-1.472707629,-1.606235623,-1.76143837,1.491409063,1.531258583,1.534732342,1.759588957,1.830486059
94,246L,A,A,67,F,Reverse,3,44,A67F,67,1.9,-2.3028421,2.5009835,-2.860988,2.7886882,-3.3587327,-2.960345507,-2.969711065,-3.033635139,-1.982515931,3.443845034,2.962763071,3.177243471,2.251779079,2.107812405
95,1L76,A,P,72,D,Reverse,6.5,63,P72D,72,2.7,-0.9406103,0.7675866,-1.3401974,1.2795779,-1.065591455,-0.973285377,-1.315640926,-1.548586845,-1.797883391,1.100313425,1.011727333,1.411292434,1.431616664,1.44293952
96,122L,A,S,73,A,Reverse,3,52,S73A,73,0.4,-0.31964615,0.25487965,-1.1535517,1.1440264,-1.120000362,-1.18442297,-0.660251915,-1.182539225,-1.620543957,1.048771739,1.196010828,0.636946797,1.319379091,1.519025564
97,127L,A,T,75,V,Reverse,3,52,T75V,75,1.3,-0.65509564,0.5292815,-1.1136494,1.0106574,-0.829654992,-0.788357735,-1.119411945,-1.329913735,-1.500910044,1.03300333,0.825752079,0.91326791,0.922229469,1.359038472
98,1CTW,A,A,78,I,Reverse,5.4,65,A78I,78,1.2,-1.3639578,1.4173874,-1.607132,1.612119,-1.172777653,-1.563807964,-2.023106575,-1.556630492,-1.71933794,1.346629024,1.698215723,1.97330308,1.147254467,1.895191669
99,1CU0,A,M,78,I,Reverse,5.4,65,M78I,78,1.5,-1.2550162,1.22519,-1.8808286,1.9192667,-1.556158304,-1.980852604,-1.726978302,-1.893337131,-2.246815443,1.70285368,1.931165695,1.908723712,1.856071234,2.197520971
100,1P2R,A,V,78,I,Reverse,5.4,61,V78I,78,0.8,-0.58780736,0.542124,-0.98286134,0.9870273,-0.864893317,-0.982123077,-0.910270095,-1.034156084,-1.122862339,0.989515007,0.967461407,0.780701876,0.957481265,1.239979267
101,123L,A,S,82,A,Reverse,3,52,S82A,82,0.3,0.13249323,-0.15984045,-0.68631643,0.6496974,-0.530107379,-0.662460923,-0.466968179,-0.683256388,-1.08878839,0.436502844,0.680209458,0.472008318,0.728498101,0.93126905
102,247L,A,A,84,L,Reverse,3,44,A84L,84,2.6,-2.1418252,2.1611242,-3.0061212,2.9688878,-3.17566061,-2.987608671,-3.305533171,-2.948309898,-2.613490582,3.106882811,2.999298811,3.368317842,2.49300909,2.876929522
103,1CU2,A,M,84,L,Reverse,5.4,65,M84L,84,1.9,-0.98602045,0.8778591,-1.7101711,1.6296123,-1.777852654,-1.553582191,-1.913483977,-1.795124292,-1.510811567,1.705360889,1.568220854,1.549887657,1.64359796,1.680993795
104,236L,A,A,87,V,Reverse,3,44,A87V,87,1.7,-0.7510237,0.702766,-1.4927887,1.3317424,-1.546727896,-1.443481445,-1.981079698,-1.378842831,-1.113813281,1.385176301,1.460358858,1.753684521,1.080826163,0.978667676
105,1CU3,A,M,87,V,Reverse,5.4,65,M87V,87,2.3,-0.32170245,0.3158426,-0.9080784,0.8644012,-0.845134377,-0.677125454,-0.991704047,-0.969541073,-1.056884527,0.873701572,0.677271664,0.923867285,0.807934225,1.039229274
106,1P2L,A,I,87,V,Reverse,5.4,61,I87V,87,0.3,0.07470606,-0.23683855,-0.25809315,0.31130916,-0.490830779,-0.107393369,0.067953728,-0.324945211,-0.435250163,0.514558077,0.092632286,-0.022042567,0.493668258,0.477731526
107,128L,A,T,87,V,Reverse,3,52,T87V,87,1.6,-0.8894461,0.81684685,-2.0869982,2.052092,-2.142986298,-2.109566212,-2.03097415,-1.82396698,-2.327497005,2.091751575,2.111225367,2.052378893,1.861278534,2.143829346
108,1CU6,A,A,91,L,Reverse,3,44,A91L,91,3.9,-2.1857355,2.2470884,-3.9898345,3.8016834,-3.39350462,-3.744469881,-4.67983532,-3.3441329,-4.787230492,3.282236338,3.585581303,4.010775566,3.608604908,4.521223068
109,1CU5,A,M,91,L,Reverse,5.4,59,M91L,91,0.8,-0.8085607,0.7712816,-1.7986673,1.7156229,-2.010959625,-1.624010563,-1.619061351,-1.564807415,-2.174495935,1.958618641,1.583779573,1.406573653,1.646325231,1.982816458
110,1L55,A,N,92,D,Reverse,6.7,62,N92D,92,1.4,-0.896091,0.7927381,-1.5356858,1.6402233,-2.445105791,-1.523039818,-1.101477265,-1.757931232,-0.850875556,2.585834503,1.52592802,1.091867328,1.949782729,1.047703266
111,224L,A,S,93,A,Reverse,3,52,S93A,93,0.2,0.06936566,-0.11703422,-0.25337082,0.29125252,-0.348906189,-0.5156762,0.082399018,-0.264001846,-0.220668271,0.399111569,0.48243171,-0.221230045,0.450673997,0.34527576
112,1QSB,A,C,98,A,Reverse,3,40,C98A,98,1,-1.2541732,1.1939341,-2.3459477,2.324609,-2.076951265,-2.332822323,-1.324811578,-2.588853359,-3.406297445,2.067774773,2.184199095,1.37040782,2.787318707,3.213346243
113,1QS5,A,L,98,A,Reverse,3,40,L98A,98,4.3,-1.6843036,1.7625786,-2.9545457,3.0217726,-2.777664423,-2.677628517,-0.706598938,-3.398714542,-5.212119579,2.549550772,2.716719151,0.534860611,3.995574951,5.312159538
114,125L,A,S,98,A,Reverse,3,52,S98A,98,2.5,-1.3002292,1.3366314,-2.4201598,2.3896267,-2.457638979,-2.439805508,-1.454547405,-2.605994225,-3.142814159,2.433011293,2.29964447,1.71806848,2.544872761,2.952539444
115,1QS9,A,V,98,A,Reverse,3,40,V98A,98,3.2,-0.5586301,0.587908,-2.1172452,2.2474117,-2.062386751,-2.202641726,0.277744263,-2.520841599,-4.078102589,2.147188663,2.236559391,-0.128913254,2.850795746,4.131428719
116,1L90,A,A,99,L,Reverse,5.7,65,A99L,99,4.5,-2.2875845,2.1930475,-3.7267132,3.757164,-3.013964653,-3.6951828,-4.168647289,-3.266693592,-4.489079475,3.036154509,3.814925671,4.126482487,3.423265457,4.384994984
117,1L91,A,F,99,L,Reverse,5.7,65,F99L,99,0.3,-1.5382038,1.5465897,-2.880906,2.7518198,-2.657180548,-2.736742496,-3.069734812,-2.839148521,-3.101724148,2.59471488,2.411815405,3.335204363,2.769704819,2.647658825
118,1L92,A,I,99,L,Reverse,5.7,65,I99L,99,1.5,-0.5484058,0.5687807,-2.1187406,2.0778499,-1.455604911,-2.062023163,-2.424624443,-1.729584932,-2.921864271,1.444466352,1.992074966,2.3990376,1.928335428,2.625338554
119,1L93,A,M,99,L,Reverse,5.7,65,M99L,99,0.6,-1.031762,1.0644242,-2.3143523,2.2410636,-2.016085148,-2.412983894,-2.373229027,-2.069349766,-2.700109005,2.009088516,2.288020849,2.285349131,1.986938119,2.635921717
120,1L94,A,V,99,L,Reverse,5.7,65,V99L,99,2,-0.80515784,0.85599697,-2.3594353,2.366961,-1.361970544,-2.336164474,-2.723276138,-2.027289152,-3.348474979,1.423212528,2.284482241,2.62940073,2.342455387,3.15525341
121,244L,A,A,100,I,Reverse,3,44,A100I,100,3.4,-2.4426718,2.5564926,-3.6752675,3.8054671,-3.591093063,-3.71364069,-3.274709225,-3.19634676,-4.600550652,3.610995531,3.973880053,3.555634737,3.517908573,4.368912697
122,1CUP,A,M,100,I,Reverse,5.4,65,M100I,100,1.6,-1.2770958,1.2615114,-2.2965283,2.223859,-2.122867346,-2.236610413,-2.142940521,-2.162271023,-2.817948818,2.086695671,2.185588121,1.990469098,2.226853371,2.629689693
123,1P36,A,V,100,I,Reverse,5.4,61,V100I,100,0.4,-0.56060874,0.6015617,-1.3403456,1.3694837,-1.345595241,-1.405051708,-1.300166726,-1.092698455,-1.558217049,1.465615749,1.431409836,1.239115953,1.224000573,1.487276316
124,1I6S,A,A,101,N,Reverse,5.4,59,A101N,101,1.5,-1.1570506,1.2608622,-2.171171,2.34425,-2.421089172,-2.529644489,-1.242726088,-2.469225407,-2.19316864,2.180082798,2.803504705,1.625347137,2.510354519,2.601960897
125,1L77,A,L,102,M,Reverse,5.4,61,L102M,102,1,-0.14506796,0.20310852,-1.2205008,1.2360007,-0.894827485,-1.138215542,-1.413774848,-1.301980257,-1.353704453,1.069595098,1.063916922,1.472081661,1.157092333,1.417316914
126,238L,A,A,103,V,Reverse,3,44,A103V,103,2.2,-0.8036369,0.79742163,-1.5357323,1.4568318,-1.042979836,-1.525105476,-1.618306279,-1.702951074,-1.789315224,0.978547215,1.467724085,1.635062099,1.415500045,1.787325263
127,1P7S,A,I,103,V,Reverse,5.4,61,I103V,103,0.5,-0.16046421,0.12412445,-0.91179067,0.78424627,-0.996547639,-0.44439429,-1.366034985,-1.075893164,-0.67607969,0.974276543,0.395135641,0.828462541,0.903485179,0.819872081
128,1CUQ,A,M,103,V,Reverse,5.4,65,M103V,103,1.2,-0.7717351,0.7781552,-1.2832594,1.3137053,-1.607983232,-1.762172461,-0.720007002,-1.322007537,-1.00412643,1.614737511,1.585310459,0.645591974,1.415589213,1.30729723
129,1CV0,A,M,104,F,Reverse,5.4,65,M104F,104,0.4,-0.51147586,0.46903118,-0.54839694,0.52779925,-0.251683235,-0.525938869,-0.280162096,-0.787200272,-0.897000015,0.382521003,0.40573886,0.249604702,0.742762983,0.858368278
130,1G1W,A,M,105,Q,Reverse,5.4,59,M105Q,105,1.2,-0.46362296,0.41774052,-0.88706195,0.8873432,-1.25388813,-0.663129807,-0.903000176,-0.83688426,-0.778406858,1.146964788,0.731244385,0.696987033,1.024687767,0.836831868
131,1P46,A,I,106,M,Reverse,5.4,61,I106M,106,-0.2,0.006849472,-0.056427546,-0.39624852,0.38407564,-0.755821645,-0.405325443,-0.460641176,-0.384677649,0.02522485,0.959670663,0.41280213,0.311728269,0.164874673,0.071303137
132,234L,A,L,106,M,Reverse,3,47,L106M,106,-0.5,0.23773006,-0.25701964,0.21517193,-0.09497259,0.146327436,-0.253081501,-0.076343909,0.218847409,1.040109873,0.03042433,0.181996971,0.294255972,-0.118131392,-0.863408983
133,231L,A,K,106,M,Reverse,3,47,K106M,106,3.4,-0.9337081,0.91274244,-1.9145676,2.0040276,-1.392947078,-1.796866179,-1.969113469,-1.973254085,-2.440655708,1.412797809,1.927379131,2.204903603,2.240010262,2.235047817
134,1L62,A,D,109,T,Reverse,6.7,62,D109T,109,-0.6,0.74640673,-0.8579939,0.88973475,-0.8156002,0.459173888,0.520747781,1.587374449,0.517162383,1.364214182,-0.081726983,-0.576450646,-1.366528273,-0.952640533,-1.100657582
135,1L59,A,N,109,T,Reverse,6.7,62,N109T,109,-0.1,0.31246322,-0.34768447,0.16303185,-0.101765834,-0.312407106,0.043941185,0.604791284,-0.115961611,0.594795227,0.491826355,-0.120011926,-0.436523318,-0.198824137,-0.245296597
136,235L,A,A,111,V,Reverse,3,44,A111V,111,1.3,-0.8203257,0.8026928,-1.2359688,1.268521,-2.010609627,-1.428200483,-0.581667185,-1.138962626,-1.020405889,1.81459415,1.479996204,0.682775319,1.358603001,1.006637812
137,2L78,A,I,111,V,Reverse,5.4,61,I111V,111,0.9,0.007899326,-0.080506094,-0.61074823,0.6520063,-0.680596352,-0.513658464,-0.386232406,-0.775577843,-0.697677374,0.742756546,0.470748395,0.409335703,0.714278579,0.922913373
138,1CV1,A,M,111,V,Reverse,5.4,65,M111V,111,0.7,-0.37483966,0.21823117,-1.4200901,1.4024425,-0.982314408,-1.366508961,-1.767981052,-1.456403971,-1.527242064,1.064823151,1.390522003,1.703278422,1.341573477,1.512016296
139,1TLA,A,F,117,S,Reverse,5.4,65,F117S,117,-1.1,0.389183,-0.4648872,0.113384664,-0.1509766,0.901218534,-0.744532764,-0.969483852,0.667762637,0.711957872,-0.956847727,0.868821263,1.285237074,-1.19824791,-0.753844857
140,1CVK,A,A,118,L,Reverse,5.4,65,A118L,118,3.2,-2.0846643,2.1066952,-3.02183,3.0255609,-2.745511532,-3.368286848,-2.803460598,-2.995744705,-3.196146727,2.682714701,3.440200329,2.885667562,2.773006439,3.346214771
141,1CV4,A,M,118,L,Reverse,5.4,65,M118L,118,0.7,-0.59073585,0.55751866,-1.4753985,1.501755,-1.069868326,-1.50658536,-1.928578377,-1.148202419,-1.723759055,1.233094931,1.420284986,1.907379031,1.271622658,1.676393747
142,233L,A,L,120,M,Reverse,3,47,L120M,120,-0.5,-0.1878103,0.045220267,-0.76222646,0.690004,-0.730803311,-0.938539684,-0.251633078,-0.715753019,-1.174401402,0.771164298,0.924271703,-0.048959352,0.926761985,0.876780331
143,232L,A,K,120,M,Reverse,3,47,K120M,120,1.6,-1.1738882,0.9518407,-1.0777982,1.196474,-1.717959881,-1.228767633,0.382308245,-1.484518647,-1.340053201,1.790634274,1.396106243,0.220190242,1.547468066,1.027970433
144,1P6Y,A,Y,120,M,Reverse,5.4,61,Y120M,120,0.1,-0.028426323,0.017050933,-1.0575819,0.773288,-1.316251993,-1.324477434,-0.543760359,-0.955512106,-1.147907376,1.188845873,0.851501644,-0.012827979,0.81515336,1.02376914
145,1CV3,A,M,121,L,Reverse,5.4,65,M121L,121,0.8,-0.32368314,0.32299408,-0.6828741,0.76085764,-0.605907977,-0.948467791,-0.679887891,-0.607452631,-0.572654724,0.545137107,0.860877872,0.936813533,0.762490213,0.698968351
146,1QTC,A,F,129,A,Reverse,3,40,F129A,129,1.2,-1.2347172,1.1507726,-2.3771262,2.5443854,-1.787312031,-2.549560547,-2.589176893,-2.2670784,-2.692502737,2.289083958,2.70733428,2.89028573,2.338534355,2.49669385
147,1QTD,A,W,129,A,Reverse,3,40,W129A,129,2.2,-0.96837854,0.9665495,-2.1587362,2.3251052,-1.83628571,-2.139390707,-2.35027504,-2.106045723,-2.361682892,2.202181101,2.0433321,2.663364649,2.38666296,2.329982281
148,118L,A,S,130,A,Reverse,3,52,S130A,130,-1,-0.46932155,0.4227706,-1.4274473,1.4727644,-1.138451457,-1.392126799,-1.687525153,-1.246355414,-1.672778845,1.239119291,1.439658165,1.691220164,1.205110192,1.788713932
149,1P64,A,F,133,L,Reverse,5.4,61,F133L,133,0.3,0.17734031,-0.18257147,-0.18910624,0.04516844,-0.174875304,0.294577956,-0.469681531,-0.248611808,-0.346942067,0.279987246,-0.446115375,0.050887384,0.0759992,0.265084684
150,1CV5,A,M,133,L,Reverse,5.4,59,M133L,133,0.4,-0.4085659,0.36305085,-0.9079164,0.99357355,-0.977133453,-0.564159632,-0.990789831,-0.753832579,-1.253666043,1.035189629,0.535689592,1.199629903,0.952696204,1.24466455
151,119L,A,S,134,A,Reverse,3,52,S134A,134,0.1,-0.1539112,0.089961156,-0.7463568,0.79141057,-0.519104362,-0.904228151,-0.282345176,-0.661314368,-1.364791989,0.717781067,0.944508016,0.364354879,0.655470014,1.274939775
152,1L39,A,E,144,N,Reverse,6.5,65,E144N,144,-0.5,0.31410128,-0.400757,0.03713926,-0.07832831,-0.145647749,-0.370111048,-0.038816012,0.376800269,0.363471746,0.222094372,0.521089077,-0.186742917,-0.543525815,-0.404554129
153,237L,A,A,149,V,Reverse,3,44,A149V,149,3.2,-1.3348163,1.3342465,-1.8862864,1.8825718,-2.275276423,-1.432939768,-0.720073402,-2.463253498,-2.539889336,2.256302118,1.525933504,0.650959432,2.422730923,2.556932449
154,1G07,A,C,149,V,Reverse,5.4,59,C149V,149,2,-0.8053498,0.7447048,-0.8412908,0.8543421,-1.523716927,-0.54559952,1.288339972,-1.571917534,-1.853558779,1.574419022,0.539413452,-1.4034729,1.685048223,1.876304865
155,1G0P,A,G,149,V,Reverse,5.4,59,G149V,149,4.9,-1.757767,1.8545024,-2.4446616,2.6259794,-2.62519145,-1.957823038,-0.673102856,-3.034065723,-3.933123827,2.780721903,2.024163485,1.447520971,3.27588892,3.60160327
156,1G0Q,A,I,149,V,Reverse,5.4,59,I149V,149,0.1,-0.18139622,-0.026493315,-0.831334,0.83222663,-0.856879413,-0.775643408,-0.583781779,-1.093768239,-0.846596062,0.920034349,0.674042821,0.477319658,1.196139693,0.893598974
157,1CV6,A,M,149,V,Reverse,5.4,65,M149V,149,2.8,-0.63318473,0.4689242,-1.2004579,1.13381,-1.462138295,-0.974653184,-0.470889151,-1.387827158,-1.70678091,1.53306973,0.867883563,0.285688818,1.382951021,1.599458218
158,126L,A,T,149,V,Reverse,3,52,T149V,149,2.8,-1.233998,1.1946913,-2.214846,2.2431421,-2.254181385,-1.801447153,-0.980058253,-2.7067976,-3.331743002,2.240084648,1.843007565,1.316828966,2.674685478,3.141105175
159,1G06,A,S,149,V,Reverse,5.4,59,S149V,149,4.4,-1.662504,1.7444518,-2.5538352,2.632094,-2.579250336,-2.05948329,-1.158825755,-3.098666191,-3.872950077,2.662328005,2.127038717,1.393649578,3.204777718,3.772674084
160,1G0G,A,A,152,T,Reverse,5.4,59,A152T,152,1.5,-0.3326263,0.13378686,-0.81444836,0.80273056,-1.123482943,-0.70029968,-0.621887386,-0.716323197,-0.910247505,1.165639162,0.633464575,0.444863558,0.902641833,0.867042005
161,1G0K,A,C,152,T,Reverse,5.4,59,C152T,152,0.5,0.66578877,-0.7453623,0.87694514,-0.79949933,0.483560294,0.902017772,1.602061868,0.820444524,0.576642036,-0.346892267,-1.000141621,-1.589089513,-0.579981565,-0.481391191
162,1G0M,A,I,152,T,Reverse,5.4,59,I152T,152,0.4,0.7010331,-0.83652765,0.024840709,0.00590322,-0.149255931,-0.054027818,0.241610676,0.15915516,-0.07327766,0.052516744,-0.059414536,-0.166047603,0.087599248,0.114862472
163,1G0J,A,S,152,T,Reverse,5.4,59,S152T,152,2,-0.7122302,0.5839492,-1.34117,1.449365,-1.386748552,-1.155736446,-1.060866237,-1.32019639,-1.782301664,1.426612735,1.151906967,1.290291786,1.51165843,1.866355896
164,1G0L,A,V,152,T,Reverse,5.4,59,V152T,152,-0.2,0.25369588,-0.35053477,-0.47940856,0.5228176,-0.486652911,-0.552563488,-0.215133905,-0.47070545,-0.671986103,0.493161023,0.505493283,0.24697347,0.682985187,0.685474098
165,1L85,A,A,153,F,Reverse,5.7,65,A153F,153,3.8,-1.7588946,1.7657257,-2.6733184,2.6631784,-2.759536028,-1.434533119,-2.057965279,-3.116719246,-3.997838736,2.782166481,1.529173374,1.888371229,3.197320938,3.918861866
166,1L86,A,I,153,F,Reverse,5.7,65,I153F,153,0.2,-0.25202122,0.26718202,-0.49962386,0.5415576,-1.42149055,0.238976896,0.896345317,-0.916401923,-1.295549393,1.623390436,-0.213686585,-0.888255119,1.116318464,1.070019722
167,1L87,A,L,153,F,Reverse,5.7,65,L153F,153,-0.3,-0.64089257,0.48737827,-1.1185503,1.2313265,-1.906739235,-0.919238269,0.403280705,-1.825335145,-1.344718218,2.016283035,0.766283751,-0.091727301,1.969825983,1.495966554
168,1L88,A,M,153,F,Reverse,5.7,65,M153F,153,0.6,0.06666107,-0.073141865,0.6632696,-0.5773979,0.217809275,0.905165851,1.525197744,0.531012416,0.137163848,-0.11837931,-0.958943784,-1.380406499,-0.376132756,-0.053127445
169,1L95,A,V,153,F,Reverse,5.7,65,V153F,153,1.8,-0.99043053,1.0870076,-1.2358673,1.2492156,-1.914180636,-0.357967526,0.121456705,-1.62592566,-2.402719259,2.115310669,0.392176598,-0.239776552,1.765492797,2.212874413
185,1LHL,A,P,47,A,Reverse,2.8,69,P47A,47,-0.1,-0.36852404,0.36345786,-0.82880294,0.9029686,-0.440160513,-0.366896003,-1.798993826,-0.99767983,-0.540283859,0.547311425,0.366067827,1.715795875,1.30696249,0.578705668
194,1LHI,A,G,71,P,Reverse,2.8,69,G71P,71,1.6,-1.3603299,1.3990821,-2.5659413,2.4919844,-1.811483145,-3.041812897,-3.480357647,-2.404979229,-2.091073751,1.818125367,2.837308407,3.587754011,2.488713741,1.728018165
209,1LHK,A,P,91,D,Reverse,2.8,69,P91D,91,0.4,-0.57719195,0.6829345,-0.15591453,0.31725466,0.051613878,-0.701469958,0.525969088,-0.634796739,-0.020887444,0.239373028,0.693927228,-0.324578255,0.502553463,0.474998474
213,1LHJ,A,G,103,P,Reverse,2.8,69,G103P,103,0.1,-0.29087564,0.21776927,-0.29808906,0.34298807,-1.094178915,-0.685187459,-0.160708115,0.437124133,0.012503013,0.994861901,0.490074247,0.209903404,-0.416440874,0.436541915
225,1LHH,A,P,110,V,Reverse,2.8,69,P110V,110,-0.5,-1.1486968,1.1357318,-1.3924301,1.4547873,-1.516859412,-0.714642227,-1.860470057,-1.454038024,-1.416141391,1.818622947,0.80213356,1.943122029,1.245530248,1.464529514
241,1L96,A,P,3,I,Reverse,2,39,P3I,3,3,-1.1706007,0.95803356,-1.7655456,1.748028,-1.649846315,-1.513014317,-1.993529201,-1.842014313,-1.829320431,1.699846625,1.44763732,2.121592045,1.664608002,1.806453705
248,1L56,A,P,60,K,Reverse,6.5,65,P60K,60,0,-0.23738475,0.18274637,-0.7698719,0.6989292,-0.961471617,-0.544463336,-0.582918227,-1.052338362,-0.708168983,0.868547201,0.699577451,0.863309324,0.573542178,0.489672244
250,1L24,A,P,82,A,Reverse,6.5,65,P82A,82,-0.8,-0.09473047,0.011334469,-1.1813161,1.2530712,-0.7156201,-1.443984747,-1.180498958,-0.655701458,-1.91077435,0.712132812,1.44299984,1.629271984,1.069096804,1.41185379
251,3C81,A,A,85,K,Reverse,5.4,58,A85K,85,0.6,-0.19214348,0.1264251,-0.5320199,0.47577867,-0.422593951,-0.621305168,-0.66854316,-0.803351641,-0.144307762,0.500179529,0.80193603,0.204069927,0.509343743,0.363364875
252,3C83,A,A,89,D,Reverse,5.4,58,A89D,89,0.5,-0.82694644,0.7508947,-1.2194266,1.0783708,-0.783899546,-1.191565275,-1.642275572,-1.455316544,-1.024073601,1.040002584,1.224956274,1.064777851,1.269496322,0.792619288
253,3C7Y,A,A,96,R,Reverse,5.4,58,A96R,96,2,-1.1476653,1.2763286,-2.3447652,2.278702,-2.267757416,-2.894517899,-1.248889327,-2.350784302,-2.961873531,2.142956972,2.815631628,1.053463101,2.139279366,3.242180824
254,3C8Q,A,D,96,R,Reverse,5.4,58,D96R,96,3.5,-1.4026982,1.3110491,-2.4029756,2.3614645,-2.388244867,-2.569854498,-1.42530489,-1.951219559,-3.680254936,2.236376762,2.629532099,1.499176741,1.948387742,3.493850231
255,3CDV,A,M,96,R,Reverse,5.4,58,M96R,96,2.7,-1.048238,1.0650501,-1.6951176,1.6565373,-1.619931102,-2.16645956,-0.748817444,-1.669885159,-2.270494938,1.695999742,1.994544268,0.597422302,1.538988113,2.455729485
256,3C8S,A,E,96,R,Reverse,5.4,58,E96R,96,2.5,-0.9132372,0.78471375,-1.8738922,1.8301424,-1.993040919,-2.004725695,-1.145887256,-1.16076827,-3.065036535,1.896098375,2.02809453,0.932788312,1.476102591,2.817630529
257,3C8R,A,G,96,R,Reverse,5.4,58,G96R,96,2.6,-1.1954232,1.3069398,-2.8941684,2.8985188,-2.813866138,-3.233728886,-1.920695543,-2.781032562,-3.721516371,2.776777983,3.205673695,1.991165042,2.791673183,3.727302313
258,3CDR,A,Q,96,R,Reverse,5.4,58,Q96R,96,0.3,-0.13932152,0.053013004,-0.86990404,0.8522795,-1.272665143,-1.075965405,-0.337344617,-0.578836977,-1.084708571,1.117723703,1.239408255,0.058767907,0.69477129,1.150727868
260,3CDT,A,N,96,R,Reverse,5.4,58,N96R,96,3,-1.1371468,1.1038617,-2.2850997,2.2426403,-2.217335224,-2.78676486,-1.354478478,-2.081651688,-2.985267401,2.091552019,2.55134654,1.429260373,2.065536022,3.075507164
261,3C7W,A,K,96,R,Reverse,5.4,58,K96R,96,0,-0.34796014,0.32341805,-1.150817,1.1167165,-1.204337716,-1.33259201,-0.900826812,-0.9627527,-1.353574514,1.196117163,1.309346914,0.41065684,1.200342894,1.467121124
262,3CDQ,A,S,96,R,Reverse,5.4,58,S96R,96,2.6,-1.0816978,1.0711715,-2.4205146,2.290787,-2.364438057,-2.692993641,-1.43727386,-2.369222641,-3.238646269,2.219407558,2.585423231,1.268202186,2.215842247,3.165060282
263,3C80,A,Y,96,R,Reverse,5.4,58,Y96R,96,4.7,-1.2711748,1.3310554,-2.3901458,2.287824,-2.298396111,-2.942875862,-1.361563325,-2.153892994,-3.194001198,2.242444992,2.556168318,0.919357359,2.313669682,3.40748024
264,3CDO,A,V,96,R,Reverse,5.4,58,V96R,96,2.4,-1.4809176,1.4979008,-2.6523063,2.5750587,-2.219547749,-2.793482304,-1.764425397,-2.820637703,-3.663439512,2.191171408,2.576984882,1.580163717,2.616413116,3.910560369
265,3FI5,A,W,96,R,Reverse,5.4,58,W96R,96,4.5,-0.97285616,0.9372039,-1.6525205,1.631345,-1.4519279,-2.096358776,-0.816081047,-1.624393106,-2.27384305,1.469985008,1.756495237,0.498504907,1.695491314,2.736249685
312,1RBR,A,P,62,H,Reverse,5.5,25,P62H,62,-1.1,1.1444983,-1.2416852,1.8279114,-1.8163898,1.326980829,1.809836864,2.501755953,1.754025936,1.746956229,-1.252165675,-1.936916828,-2.205136538,-1.609663606,-2.078065872
338,1BPT,A,A,23,Y,Reverse,2,25,A23Y,23,5.9,-4.876175,4.543744,-3.5984573,3.3350914,-3.077357292,-5.368433952,-2.073498964,-3.522733212,-3.950261831,3.426520586,4.602907658,1.530625701,3.210223198,3.905182362
340,1NAG,A,G,43,N,Reverse,2,25,G43N,43,5.7,-1.9292285,2.1011682,-1.1972473,1.1765887,-1.845421195,-0.493699014,-1.443761587,-0.679554999,-1.523799062,1.933852792,0.737232745,1.16656971,0.582308948,1.462979198
341,1FAN,A,A,45,F,Reverse,2,25,A45F,45,6.9,-3.9957707,3.945294,-4.410328,4.4756174,-4.086201668,-3.781865835,-4.078791618,-4.752466202,-5.352315903,3.981645584,4.018549919,4.376577377,4.702510834,5.298802853
