PDBID,CHAIN,WILD_RES,RES_NUM_PDB,MUTANT_RES,Category,PH,TEMPERATURE,SEQ Position,EXP_DDG,MU3DSP_S1676_inv,MU3DSP_S5296_inv,THPLM_dir,THPLM_rev,THPLME_dir,THPLME_rev,Fold1_dir,Fold2_dir,Fold3_dir,Fold4_dir,Fold5_dir,Fold1_rev,Fold2_rev,Fold3_rev,Fold4_rev,Fold5_rev
1QIR,A,Y,191,C,Reverse,7.5,25,180,2.3,-0.630195248,-0.147427738,-0.37003854,0.37605426,-0.816951,0.8856279,-0.502474308,-0.816453159,-0.960597157,-0.78979522,-1.015435457,0.588807762,0.739094794,0.962032616,0.992108941,1.146095753
1QIS,A,F,191,C,Reverse,7.5,25,180,1.6,-0.724478421,0.118124884,-0.29926077,0.29972723,-0.85647935,0.9317797,-0.575980365,-0.777155578,-1.118189335,-0.881728888,-0.929343283,0.657854855,0.727752328,1.107826829,1.109738708,1.055726767
1QIT,A,W,191,C,Reverse,7.5,25,180,3.9,-1.275074733,0.19173102,-0.06458566,0.07816592,-0.68771136,0.77829695,-0.273691654,-0.452563286,-1.281569242,-0.427761644,-1.002970219,0.381128162,0.434482843,1.36980927,0.675346971,1.030718565
1B4X,A,S,191,C,Reverse,7.5,25,180,1.9,-0.474946399,0.435846178,-0.29166615,0.29372025,-0.56285864,0.6713889,-0.32948035,-0.635412872,-0.686524868,-0.500994384,-0.661880016,0.496145368,0.583868444,0.781887591,0.70799458,0.787049294
1BRG,A,L,7,F,Reverse,6.2,25,5,4.1,-0.603390924,0.481587202,0.10319488,0.093999505,-1.2947975,1.4067303,-0.980153739,-0.961833179,-3.42178154,-0.928182602,-0.182037011,1.049701095,1.101633072,3.032408714,1.193688035,0.656220794
1BRH,A,A,14,L,Reverse,6.3,25,14,4.5,0.089614788,1.411819249,-1.9117733,1.9777815,-3.2544608,3.230719,-3.486362696,-3.571441889,-4.395821095,-3.460025311,-1.358653069,3.544675589,3.640770674,4.419043541,3.451232433,1.097872972
1BNS,A,A,26,T,Reverse,6.3,25,26,1.7,-0.234435191,0.529175535,-0.94292945,0.79542786,-1.3828609,1.4363334,-1.599322438,-1.552637815,-2.114125729,-1.383079529,-0.265137285,1.69163835,1.500146866,2.137006521,1.511309505,0.341566384
1BSA,A,V,51,I,Reverse,6.3,25,51,1.1,-0.427272657,0.544829217,-0.6333548,0.5777564,-1.1219145,1.2034403,-1.398751616,-1.400594473,-1.59395647,-1.167997837,-0.048272345,1.512492299,1.398594379,1.598106503,1.382342815,0.125665933
1BRI,A,A,76,I,Reverse,6.3,25,76,1.7,0.108476679,1.382779558,-2.0009363,1.9649227,-1.9957489,1.9684055,-2.09422946,-2.090445995,-2.07972455,-1.923517227,-1.790828705,2.20058465,2.035324574,2.078398943,1.896073818,1.631642938
1BSB,A,V,76,I,Reverse,6.3,25,76,1,-0.762378774,0.082761551,-0.29096016,0.32479808,-0.12011409,0.20331363,-0.016872652,-0.198740721,-0.440282315,0.01117833,0.044147909,0.165790394,0.134648398,0.446817487,0.181709707,0.087601662
1BAO,A,F,78,Y,Reverse,6.3,25,78,1.1,-0.474844214,0.402432091,-0.46310964,0.36416194,-0.6663126,0.72411555,-0.679300308,-0.905800283,-1.068510413,-0.778561175,0.100609064,0.680706918,0.925590158,1.113390207,0.973214149,-0.072323546
1BRJ,A,A,88,I,Reverse,6.3,25,88,4,0.104792109,1.329323692,-2.795428,2.815553,-3.7988007,3.853763,-3.336177349,-3.769432306,-3.990964413,-3.959121227,-3.938306332,3.561400652,3.793640375,4.047703743,4.089864254,3.776204109
1BSC,A,V,88,I,Reverse,6.3,25,88,1.6,-0.513392203,0.47076067,-0.6207774,0.6560218,-1.1503828,1.2807727,-0.714242876,-1.141641855,-1.423606038,-0.983908057,-1.488514543,0.90965122,1.106315613,1.530147433,1.245455265,1.612295032
1BSE,A,V,89,L,Reverse,6.3,25,89,0.5,-1.087840156,-0.430811153,0.096463986,0.033958495,-0.28600678,0.29661193,0.037520818,-0.159259796,-0.150034934,-0.001630872,-1.156628609,0.156230718,-0.044924438,0.195759729,0.104738817,1.071253777
1BAN,A,A,91,S,Reverse,6.3,25,91,2.4,-0.331119298,0.499557882,-0.86723405,0.6857141,-1.3131107,1.2864975,-1.240642905,-1.563742399,-1.821722984,-1.538464069,-0.400980592,1.37772429,1.458077431,1.809140563,1.546669602,0.240875795
1BRK,A,A,96,I,Reverse,6.3,25,96,3.2,0.073259972,1.237306696,-1.9674648,1.8399723,-2.384828,2.3522806,-2.392640114,-2.6146245,-3.112965584,-2.773206711,-1.030705929,2.484502077,2.510858059,3.152439594,2.760419369,0.853183448
1BSD,A,V,96,I,Reverse,6.3,25,96,3.1,-0.463383076,0.342410896,-0.59931314,0.53655326,-0.5737875,0.6643012,-0.602654994,-0.69963336,-0.761320949,-0.724011123,-0.081315644,0.761472523,0.665135205,0.809634268,0.948391438,0.136872664
1E6K,A,A,12,D,Reverse,7,25,13,-2.5,-0.136391549,-0.307137717,0.1923992,-0.32664976,1.054601,-1.2029518,1.307453275,1.296231031,2.038944483,-1.305305839,1.935680866,-1.346133351,-1.388914824,-2.228815794,1.149765372,-2.200660706
1E6L,A,A,13,D,Reverse,7,25,11,-2.7,-0.099002859,-0.345895586,0.49131098,-0.64457214,1.5331392,-1.6219633,1.981888413,1.595277548,2.290061951,-0.587009966,2.385481119,-1.868215799,-1.895668268,-2.172947168,0.267973065,-2.440955162
1E6M,A,A,57,D,Reverse,7,25,56,-3.3,-0.164594936,-0.301259382,0.115529,0.08365393,1.5339464,-1.5256819,1.608513713,1.505891323,3.07612133,-1.325180292,2.804386854,-1.5117414,-1.603411436,-3.02742815,1.40907383,-2.894903183
2EXZ,A,C,22,T,Reverse,7,20,22,0.9,-0.300457966,0.607400275,-0.9915576,0.9930234,-0.85715437,0.9596179,-0.423468232,-1.053467751,-1.015587926,-0.992896199,-0.800351918,0.63670826,1.008182883,1.076990366,1.174422145,0.901786208
2EY1,A,V,22,T,Reverse,7,20,22,0.9,-0.624153912,0.64900665,-0.92714834,0.82914746,-0.7794515,0.7768346,-0.714538693,-0.873914182,-0.923904538,-0.547402978,-0.837496519,0.87349695,0.761588156,0.864746928,0.618210018,0.766131163
2F0E,A,L,23,V,Reverse,7,20,23,0.1,-0.707137004,-0.211182451,0.07123054,-0.09050153,0.13637893,-0.054733146,0.548291385,0.230108574,-0.237591386,0.222703218,-0.081617698,-0.38271457,-0.260326415,0.311091453,-0.071705818,0.129989192
2F0F,A,I,25,L,Reverse,7,20,25,1.7,-0.732657442,-0.123003759,0.02379695,0.009335815,-0.46959466,0.5571926,0.519727528,-0.362924993,-1.181926727,-0.516087174,-0.806761026,-0.349286467,0.331195205,1.232453823,0.65996778,0.911632597
1EY5,A,V,33,T,Reverse,7,20,33,-0.4,-0.371354309,0.09274917,-0.17887203,0.07694449,0.38646093,-0.32305953,0.182276472,0.279359639,0.450802356,0.485373139,0.534491599,0.005445249,-0.278424144,-0.425118417,-0.398526996,-0.518672109
2EY2,A,C,41,T,Reverse,7,20,41,-0.6,-0.517232416,-0.067067181,-0.4296226,0.4582047,-0.069788024,0.13825746,-0.293533385,-0.280734658,0.322137624,-0.065056026,-0.031752966,0.448332042,0.2652044,-0.299109846,0.231650651,0.045209214
1EY6,A,I,41,T,Reverse,7,20,41,-0.7,-0.698034927,0.573212404,-0.2183421,0.13765535,0.66841465,-0.619243,0.187136203,0.780137479,0.723565578,0.702226698,0.949007869,-0.149359182,-0.79172641,-0.730935931,-0.562173069,-0.862018883
2EY5,A,S,41,T,Reverse,7,20,41,1.1,-0.083404754,0.8225402,-0.44527715,0.37762603,-0.55473214,0.6392559,-0.675157249,-0.593519151,-0.8083691,-0.133319229,-0.563296497,1.007160306,0.590177596,0.803576231,0.261813283,0.533554316
2EY6,A,V,41,T,Reverse,7,20,41,-0.8,-0.589484865,0.826013077,-0.30591935,0.21405098,0.38281733,-0.35042724,-0.535947084,0.559388816,0.690034032,0.488997459,0.711612165,0.549440801,-0.587716818,-0.628275335,-0.420196712,-0.66538626
2EYF,A,V,44,T,Reverse,7,20,44,-0.1,-0.412506161,0.117662734,-0.29592857,0.24645552,-0.10271846,0.10384631,-0.306272328,-0.244276613,-0.006569652,0.02159486,0.021930829,0.221106872,0.154794157,-0.006736206,0.213019177,-0.062952623
1EY4,A,A,59,S,Reverse,7,20,59,-0.5,-0.474737327,-0.003018257,-0.020214763,-0.023009501,0.08378805,0.005175075,-0.282732397,-0.067423478,0.265995651,0.166601494,0.336499095,0.40262261,-0.007065147,-0.171533659,0.042780936,-0.240928501
2EYH,A,S,62,T,Reverse,7,20,62,2.1,-0.200720625,1.052957491,-1.8843416,1.8286244,-2.102818,2.1735787,-1.959869981,-2.181574345,-2.178991795,-2.212879181,-1.980774164,2.005930662,2.195005178,2.181818008,2.332509041,2.152631283
2EYJ,A,V,62,T,Reverse,7,20,62,0.2,-1.064129228,-0.641330819,-0.24223752,0.15337452,-0.19889948,0.24738124,0.561593235,-0.57965523,-0.280894488,-0.342520565,-0.353021502,-0.38121599,0.491039366,0.336678773,0.413923562,0.376480401
2F0G,A,I,66,V,Reverse,7,20,66,1,-0.4934064,-0.257519179,0.47921473,-0.5348863,0.10517441,-0.045548223,0.579873264,0.260929942,-0.429027408,0.234956026,-0.120860144,-0.462488413,-0.304521024,0.451135248,-0.115851857,0.203984752
2F0H,A,L,66,V,Reverse,7,20,66,0.3,-0.885890115,-0.271658292,0.18730463,-0.32695162,-0.09646903,0.15755026,0.172290817,-0.40625,0.006715406,-0.262402952,0.007301927,0.002049901,0.411669999,0.062091649,0.289611399,0.022328414
2SNM,A,K,66,V,Reverse,7,20,66,7.5,0.313956101,1.503256859,-0.44483417,0.3816752,-2.398098,2.439138,-0.054873545,-1.991933823,-4.141276836,-2.590476036,-3.211932182,0.058652405,2.105678558,4.106914043,2.753222942,3.171221733
2F0I,A,L,72,I,Reverse,7,20,72,0.2,-0.269286778,0.320754461,-1.1209694,1.0677662,-0.78912556,0.7906378,-0.831778467,-0.982416332,-0.494245023,-0.757072091,-0.880116165,0.869762063,0.83965832,0.566977799,0.827594876,0.849196613
2F0J,A,V,72,I,Reverse,7,20,72,1.2,-0.791278509,-0.606964482,-0.89613515,0.8980076,-1.1932421,1.2860858,-1.19046998,-1.160608053,-1.332906246,-1.070646286,-1.211582065,1.303530693,1.126583338,1.504343271,1.186747789,1.309223056
2EYL,A,S,82,T,Reverse,7,20,82,0.7,-0.033599073,0.470691365,-0.6746414,0.6164528,-0.88069516,0.87330437,-0.742455065,-0.950787246,-1.033229589,-0.790167093,-0.88683641,0.801362216,0.830682516,0.962801993,0.895407438,0.876266301
2F0D,A,V,92,I,Reverse,7,20,92,0.4,-0.736541882,-0.043773453,-0.7597394,0.7918953,-1.1326535,1.1985687,-1.158177495,-1.30097723,-0.938894808,-1.177200437,-1.088017106,1.309943557,1.215978861,0.992277622,1.311534047,1.163108826
1KAB,A,G,116,K,Reverse,7,20,111,-1,-0.309165678,-0.47581454,-0.51081884,0.8288458,0.17009522,-0.102625325,-1.117094636,-0.100753129,0.801720142,0.45950681,0.807098329,0.980303824,-0.0118398,-0.425413102,-0.372590184,-0.68358767
1SYG,A,A,117,P,Reverse,7,20,117,-0.8,-0.006700548,0.303754153,-0.86568964,0.7427063,-1.2513782,1.0075632,-1.290986061,-1.508237362,-1.186356902,-1.161872745,-1.10943377,1.150639176,1.474344015,0.533207476,1.222298861,0.657325745
1SYC,A,G,117,P,Reverse,7,20,117,-0.9,0.194358222,0.196145219,-1.5432074,1.5326419,-2.0508642,1.966898,-2.112238169,-2.158440113,-1.654641271,-2.257981777,-2.071018696,1.812954187,2.373483896,0.856888652,2.644463062,2.146699667
1SYE,A,T,117,P,Reverse,7,0,117,-1.1,0.009667536,0.463196314,-1.0864749,1.0116692,-1.6729918,1.4812679,-1.214504123,-1.591159105,-1.458895087,-2.027897358,-2.072505713,1.104835868,1.73821187,0.949965179,2.10173893,1.511587858
2EYM,A,C,120,T,Reverse,7,20,120,1.7,-0.549087605,-0.14845256,-0.8805798,0.7841734,-1.0418018,1.1064348,-0.207922637,-0.999747813,-1.488305807,-1.028896451,-1.484135509,0.314528555,1.004691601,1.475618243,1.195146561,1.542188764
2EYO,A,S,120,T,Reverse,7,20,120,0.6,-0.218865892,0.369932853,-0.36837462,0.31911287,-0.47290134,0.553356,-0.150087282,-0.828739107,-0.463279933,-0.472209185,-0.450192153,0.342236042,0.805867195,0.483783573,0.644659042,0.490234554
2EYP,A,V,120,T,Reverse,7,20,120,1.8,-0.423371389,0.129084181,-0.29290816,0.23003975,-0.8867935,0.9272388,0.193629295,-0.753421724,-1.588791966,-0.959005833,-1.326377869,-0.080953911,0.71684289,1.594541311,1.061907768,1.343855143
1EY7,A,A,128,S,Reverse,7,20,128,-0.7,-0.847336655,-0.725434368,0.32099536,-0.2587411,0.72166246,-0.63857734,0.287562221,0.749275565,0.599241614,1.037431717,0.934801161,-0.135571748,-0.852004945,-0.517531693,-0.822051883,-0.865726352
1MX2,A,N,71,F,Reverse,7.5,23,71,-0.7,0.079130787,-0.120442602,-0.10070513,-0.1296254,-0.114676654,0.112577416,-0.075670272,0.317426383,0.39105916,-1.520659328,0.314464211,0.205631167,-0.309960306,-0.099932812,1.003115892,-0.235965744
1MX4,A,Q,82,F,Reverse,7.5,23,82,0.4,-0.061156108,0.09650191,-0.5448164,0.59475225,-0.7481049,0.7464237,-0.355770946,-0.648666978,-0.496352285,-1.762588739,-0.477145076,0.485292941,0.523526907,0.406833678,1.918818355,0.397646189
1MX6,A,N,92,F,Reverse,7.5,23,92,1.1,-0.00169707,-0.085496691,-1.0003152,0.70585394,-0.732093,0.82676494,-0.500667334,-0.605523646,-0.693478644,-0.996919155,-0.863875866,0.54666692,0.585696876,1.0000875,1.18119812,0.820174634
1HIB,A,G,9,T,Reverse,6.5,25,9,2.6,-0.053857326,1.282430337,-1.4926778,1.378334,-2.018281,2.1024082,-2.136761665,-1.347274065,-1.567979574,-2.325303078,-2.714086056,2.30131793,1.284831524,1.630008459,2.514791012,2.781091213
245L,A,A,6,M,Reverse,3,44,6,1.9,0.462662079,1.059502207,-1.3643011,1.2465615,-2.3147333,2.296048,-2.710828781,-2.145998955,-2.27965498,-2.046497822,-2.390683174,2.563718796,2.227353096,2.135345459,2.302092552,2.251730919
230L,A,L,6,M,Reverse,3,44,6,2.8,-0.664017735,-0.093425999,-0.5498374,0.48841196,-1.628638,1.6831675,-1.318601489,-1.66437912,-1.788161993,-1.686168313,-1.685877562,1.457082629,1.560699701,1.810582399,1.900545239,1.686926723
1QT6,A,H,11,E,Reverse,5.4,65,11,-0.1,-0.475853448,0.494470607,-0.11468725,0.06926668,0.5067175,-0.42160225,0.58043474,0.694459021,0.217932448,0.783482671,0.257279515,-0.502466023,-0.743196785,-0.000719374,-0.689343274,-0.17228508
1QT7,A,N,11,E,Reverse,5.4,65,11,0.1,-0.349458234,0.594124785,-0.6816857,0.59962636,-0.28636733,0.21516562,-0.037240911,-0.336362839,-0.61419028,-0.146245822,-0.297795832,-0.063715428,0.349120945,0.329304129,0.259299695,0.20181793
239L,A,A,17,I,Reverse,3,44,17,2.7,-0.49276032,-0.287094512,-1.5045468,1.5087866,-1.9614305,2.0044935,-1.70341146,-1.62076664,-2.743761539,-1.759317279,-1.979893684,1.634698749,1.799655676,3.175465345,1.456636548,1.956011295
253L,A,A,20,D,Reverse,5.4,65,20,0.3,0.058480896,0.361820864,-0.9146234,0.88197994,-0.7479967,0.84033024,-1.376108527,-0.766182661,-0.857587099,-0.724292696,-0.01581084,1.427551866,0.769490063,0.702486575,1.025448799,0.276673138
255L,A,N,20,D,Reverse,5.4,65,20,-1.3,-0.217872921,0.367089188,-0.6253773,0.5080682,-1.2523845,1.3608067,-1.169686794,-1.044819355,-1.805354953,-0.888318777,-1.353741407,1.264788032,1.051909089,1.624480724,1.153571367,1.709283471
254L,A,S,20,D,Reverse,5.4,65,20,-0.7,-0.035591053,0.547962628,-0.645921,0.5942013,-0.93009424,1.0362818,-1.275690794,-0.893136442,-1.31935823,-0.550247669,-0.61203748,1.40620029,0.940548301,1.20975554,0.756534815,0.868371725
240L,A,A,27,I,Reverse,3,44,27,3.1,0.20229109,1.368436115,-2.0812674,2.0968442,-2.2387223,2.3672926,-2.687227249,-2.403438091,-1.887687564,-2.847225189,-1.368032813,2.682635069,2.321717262,2.378182411,2.783835888,1.670090199
1D2W,A,M,27,I,Reverse,5.4,65,27,3.1,-0.320483132,0.701248444,-0.9104487,0.8513714,-1.3766015,1.3625934,-1.39205265,-1.411850691,-1.661439061,-1.449046254,-0.968616426,1.390893102,1.26860261,1.670616508,1.440370917,1.042486668
241L,A,A,29,I,Reverse,3,44,29,2.6,0.309860383,1.331756714,-1.5231363,1.5921276,-1.7725163,1.7664595,-1.927911401,-1.33419919,-1.782891631,-1.734339476,-2.083240509,1.884451032,1.561961889,1.70752418,1.695765853,1.982592344
1L61,A,N,38,S,Reverse,6.7,62,38,0,-0.269150698,-0.192760985,-0.0673155,-0.00851852,-0.38282835,0.55070037,-0.936731756,-0.62645185,0.344144076,-0.495640576,-0.199463755,0.866966784,0.700735688,0.377400011,0.339764416,0.468637466
120L,A,S,41,A,Reverse,3,52,41,0.6,-0.248104079,-0.125372152,0.03556828,-0.18065009,-0.53427225,0.60215795,-0.558188081,-0.692318916,-0.212062389,-0.365764797,-0.843024909,0.537975371,0.684916019,0.308093876,0.611225486,0.86858052
1QTB,A,V,42,A,Reverse,3,40,42,2.7,-1.306699296,-0.654900064,-0.88078594,0.8305092,-1.4967941,1.6435242,-1.654954433,-1.578203201,-1.279867053,-1.136827707,-1.834119439,1.702655911,1.593756676,1.56863153,1.241025805,2.11155057
206L,A,S,42,A,Reverse,3,52,42,2.3,-0.288940242,0.027521824,-0.57562,0.52681273,-0.7194446,0.79158676,-0.690325797,-0.747603297,-1.102455139,-0.014565051,-1.042271137,0.837723017,0.980474472,0.815802097,0.241442472,1.082491994
1L66,A,A,43,K,Reverse,6.7,62,43,1,-0.384172639,-0.226427387,-0.23661394,0.17581125,-0.48778623,0.5837679,-0.829549611,-0.20723927,-0.351919711,-0.31534192,-0.734878957,0.809500277,0.578405082,0.766625226,-0.026968598,0.791279376
1L68,A,A,44,S,Reverse,6.7,62,44,-0.3,-0.65852322,-0.001507782,0.019250039,-0.028681401,-0.25061262,0.15656365,-0.143731549,-0.439713061,-0.494029969,-0.204919785,0.029332526,0.084415421,0.25842002,0.623841465,-0.08968854,-0.094166785
108L,A,I,44,S,Reverse,3,52,44,-0.3,-1.753005068,-0.780245588,0.57564986,-0.63669443,0.20683463,-0.17821623,0.117831022,-0.098881215,0.899846375,0.039650112,0.075728767,-0.045838591,0.201186582,-0.859514236,-0.137040257,-0.049873453
110L,A,L,44,S,Reverse,3,52,44,-0.4,-0.909063546,-0.490710389,0.46756205,-0.41195685,-0.2912964,0.30156118,-0.352902204,-0.616351306,0.142542809,-0.378464997,-0.251306355,0.471821547,0.626682818,-0.036079593,0.218721762,0.226659879
109L,A,K,44,S,Reverse,3,52,44,-0.2,-0.270510907,-0.178091023,0.33188412,-0.41104275,-0.26190487,0.21159998,0.131460473,0.061230451,-0.673854411,-0.362428665,-0.465936184,-0.040207397,0.06530083,0.54140842,0.292762756,0.198734567
217L,A,E,44,S,Reverse,3,52,44,0,-0.446033402,-0.229002039,0.2905645,-0.44241732,-0.32122967,0.28331262,-0.202033311,-0.398715317,0.032290019,-0.250030279,-0.787659585,0.04874317,0.492212474,0.045698199,0.417668611,0.412240446
107L,A,G,44,S,Reverse,3,52,44,0.5,-0.065581413,0.015438846,-0.55308604,0.6057449,-1.2208068,1.1874504,-0.872084856,-1.287502527,-1.173370957,-1.048496127,-1.722578049,0.88393116,1.345524788,1.244098663,0.983537316,1.480159998
113L,A,R,44,S,Reverse,3,52,44,-0.2,-0.352631819,-0.116637202,0.28724515,-0.4196748,0.09161562,-0.025471082,0.270392448,0.055604205,0.050362043,0.3258816,-0.244161099,-0.040036019,-0.088966191,0.404312581,-0.287209153,-0.115455262
111L,A,N,44,S,Reverse,3,52,44,0.1,-0.302862267,-0.217431706,-0.034999866,-0.10781374,-0.38975966,0.4765392,-0.368041366,-0.593964338,-0.076620616,-0.555918097,-0.354252756,0.272787631,0.419172734,0.667734563,0.459622473,0.563380122
137L,A,F,44,S,Reverse,3,52,44,-0.1,-1.752442746,-0.818892354,0.20353362,-0.2000005,-0.27388206,0.4269235,-0.530806363,-0.687197983,0.783170283,-0.359773278,-0.574802935,0.667071164,0.753938854,-0.50416404,0.59674108,0.621030509
112L,A,P,44,S,Reverse,3,52,44,3,-0.591654518,-0.297686112,-0.6269759,0.62780625,-1.4258832,1.5305402,-1.035728812,-1.325134039,-1.58745265,-1.112676501,-2.068422318,1.203969359,1.486451149,1.948250055,1.130584955,1.883445144
114L,A,T,44,S,Reverse,3,52,44,0,-0.375613747,-0.445447483,0.05962355,-0.046967123,-0.4278737,0.31805214,-0.207665771,-0.298762918,-0.3129825,-0.627775311,-0.692175925,0.207707316,0.230870813,0.32178694,0.287454873,0.542440176
115L,A,V,44,S,Reverse,3,52,44,-0.1,-1.698115651,-0.894783307,0.2934381,-0.28002512,-0.14957128,0.114670835,-0.120750904,-0.449273586,0.386031479,-0.315248996,-0.248614922,0.266340435,0.538669467,-0.535106897,0.161128223,0.14232561
1L67,A,A,46,L,Reverse,6.7,62,46,1.9,-0.338742461,0.580361836,-1.5101067,1.4948735,-1.8812367,1.8557869,-1.921000838,-1.881993294,-2.1598351,-1.318142891,-2.125212431,1.879001856,1.892933846,2.061167955,1.748467445,1.697362542
1L65,A,A,47,D,Reverse,6.7,62,47,1,-0.350901843,-0.20053035,-0.19467905,-0.015091243,-1.2115272,1.0267392,-0.368115276,-1.26816082,-2.252884626,-0.927470684,-1.240998268,0.268394619,1.289392471,2.10343647,0.602207303,0.87026453
221L,A,S,49,A,Reverse,3,52,49,0.5,-0.194935387,-0.227694135,-0.48881382,0.3971885,-1.0951059,1.1260232,-0.94962281,-1.260540247,-0.634152651,-1.172496319,-1.458716154,1.027075768,1.255829573,0.697024345,1.213408351,1.436779976
242L,A,A,50,I,Reverse,3,44,50,2,0.232469015,0.546393222,-1.1859854,1.1228496,-1.2247803,1.1603152,-1.49599278,-1.142640114,-1.048855782,-1.197021365,-1.239393473,1.493350744,1.276861429,0.823220909,1.017726541,1.190417051
1D2Y,A,M,50,I,Reverse,5.4,65,50,0.4,-0.482636167,0.313779992,-0.555734,0.464497,-0.8220137,0.7729453,-0.877684653,-0.584851503,-1.198603868,-0.90180254,-0.547123432,0.963809907,0.60532397,0.851177633,0.947730005,0.496685863
243L,A,A,58,I,Reverse,3,44,58,3.2,0.266919357,1.542120623,-1.916786,1.905455,-2.6520824,2.6543593,-2.339497328,-2.486939669,-2.595093489,-3.07234478,-2.766535282,2.39757061,2.430362701,2.587001562,2.775845051,3.081018209
1G1V,A,T,58,I,Reverse,5.4,65,58,3.4,0.884004297,1.382017903,-1.504527,1.4670223,-2.5275054,2.5901895,-2.281894445,-2.487046242,-2.402927399,-2.673651218,-2.792005539,2.35526371,2.464191437,2.393148184,2.730906487,3.007437468
1LYJ,A,A,59,T,Reverse,6.5,63,59,1.5,-0.22526014,0.781066043,-0.9684923,0.99946296,-1.3432286,1.3793961,-1.547093868,-1.227313995,-1.146531701,-1.464078784,-1.331122518,1.577286482,1.197737217,1.037384391,1.579491973,1.505082011
1LYI,A,D,59,T,Reverse,6.5,63,59,1.2,0.192141274,0.796854274,-0.67733014,0.71995586,-1.0950409,1.2901436,-1.354763269,-0.9439978,-0.440437526,-1.648843408,-1.087166786,1.397445202,1.098485231,1.121548772,1.501168847,1.33206892
1LYH,A,G,59,T,Reverse,6.5,63,59,1.6,0.083501292,0.770748668,-0.96413434,1.0735769,-1.014862,1.0787833,-1.190858006,-1.126839876,-0.994672596,-0.913273692,-0.848666608,1.356703401,0.966876566,0.917017817,0.917755306,1.235568523
1LYG,A,N,59,T,Reverse,6.5,63,59,1.1,0.046770033,0.66379364,-0.58582306,0.59396297,-0.91711426,1.0943578,-1.117311239,-0.702156305,-0.328968883,-1.436021447,-1.001111388,1.077334285,0.750736892,0.939827204,1.380499959,1.323392868
1LYF,A,S,59,T,Reverse,6.5,63,59,0.2,-0.005574642,0.545449038,-0.46268097,0.43131775,-1.076525,1.0603292,-1.064050317,-0.995509565,-1.085200548,-1.129740596,-1.108119011,0.980489552,0.993081152,1.145359159,1.102004528,1.080711722
1LYE,A,V,59,T,Reverse,6.5,63,59,1.5,-0.555424082,0.823732883,-0.7561991,0.85926044,-1.1311243,1.2930268,-1.190451026,-1.194225788,-0.22401312,-1.463418484,-1.583511591,1.352351546,1.234150887,0.538313031,1.649991632,1.690329313
1D3J,A,M,66,L,Reverse,5.4,65,66,1,-0.367621871,0.397938249,-0.7255048,0.694927,-1.5656378,1.6294949,-1.386208653,-1.601598024,-1.472707629,-1.606235623,-1.76143837,1.491409063,1.531258583,1.534732342,1.759588957,1.830486059
246L,A,A,67,F,Reverse,3,44,67,1.9,0.600397751,1.55339721,-2.3028424,2.5009842,-2.8609881,2.7886884,-3.3587327,-2.960345507,-2.969711065,-3.033635139,-1.982515931,3.443845034,2.962763071,3.177243471,2.251779079,2.107812405
1L76,A,P,72,D,Reverse,6.5,63,72,2.7,-0.044454294,0.175646544,-0.9406101,0.76758695,-1.3401973,1.2795779,-1.065591455,-0.973285377,-1.315640926,-1.548586845,-1.797883391,1.100313425,1.011727333,1.411292434,1.431616664,1.44293952
122L,A,S,73,A,Reverse,3,52,73,0.4,-0.169960658,0.098141609,-0.3196465,0.25487968,-1.1535518,1.1440264,-1.120000362,-1.18442297,-0.660251915,-1.182539225,-1.620543957,1.048771739,1.196010828,0.636946797,1.319379091,1.519025564
127L,A,T,75,V,Reverse,3,52,75,1.3,0.184887359,0.838104978,-0.655095,0.5292813,-1.1136494,1.0106573,-0.829654992,-0.788357735,-1.119411945,-1.329913735,-1.500910044,1.03300333,0.825752079,0.91326791,0.922229469,1.359038472
1CTW,A,A,78,I,Reverse,5.4,65,78,1.2,0.328651075,1.35749961,-1.3639575,1.4173871,-1.6071316,1.6121184,-1.172777653,-1.563807964,-2.023106575,-1.556630492,-1.71933794,1.346629024,1.698215723,1.97330308,1.147254467,1.895191669
1CU0,A,M,78,I,Reverse,5.4,65,78,1.5,-0.150968355,0.647158719,-1.255016,1.2251903,-1.8808289,1.9192669,-1.556158304,-1.980852604,-1.726978302,-1.893337131,-2.246815443,1.70285368,1.931165695,1.908723712,1.856071234,2.197520971
1P2R,A,V,78,I,Reverse,5.4,61,78,0.8,-0.716350111,0.101195785,-0.5878073,0.5421239,-0.9828612,0.9870268,-0.864893317,-0.982123077,-0.910270095,-1.034156084,-1.122862339,0.989515007,0.967461407,0.780701876,0.957481265,1.239979267
123L,A,S,82,A,Reverse,3,52,82,0.3,-0.292395788,0.02881757,0.13249305,-0.15984039,-0.6863164,0.64969736,-0.530107379,-0.662460923,-0.466968179,-0.683256388,-1.08878839,0.436502844,0.680209458,0.472008318,0.728498101,0.93126905
247L,A,A,84,L,Reverse,3,44,84,2.6,-0.513482562,0.619875257,-2.1418257,2.1611242,-3.0061212,2.9688878,-3.17566061,-2.987608671,-3.305533171,-2.948309898,-2.613490582,3.106882811,2.999298811,3.368317842,2.49300909,2.876929522
1CU2,A,M,84,L,Reverse,5.4,65,84,1.9,-0.332336733,0.062385035,-0.9860207,0.87785923,-1.7101713,1.6296126,-1.777852654,-1.553582191,-1.913483977,-1.795124292,-1.510811567,1.705360889,1.568220854,1.549887657,1.64359796,1.680993795
236L,A,A,87,V,Reverse,3,44,87,1.7,-0.397833221,0.427431669,-0.75102395,0.702765,-1.4927894,1.331742,-1.546727896,-1.443481445,-1.981079698,-1.378842831,-1.113813281,1.385176301,1.460358858,1.753684521,1.080826163,0.978667676
1CU3,A,M,87,V,Reverse,5.4,65,87,2.3,-0.555227232,0.199543105,-0.3217031,0.3158428,-0.9080787,0.86440086,-0.845134377,-0.677125454,-0.991704047,-0.969541073,-1.056884527,0.873701572,0.677271664,0.923867285,0.807934225,1.039229274
1P2L,A,I,87,V,Reverse,5.4,61,87,0.3,-0.548083819,-0.166570229,0.07470611,-0.23683853,-0.2580933,0.3113092,-0.490830779,-0.107393369,0.067953728,-0.324945211,-0.435250163,0.514558077,0.092632286,-0.022042567,0.493668258,0.477731526
128L,A,T,87,V,Reverse,3,52,87,1.6,-0.310304659,-0.313121848,-0.88944644,0.816847,-2.0869982,2.0520918,-2.142986298,-2.109566212,-2.03097415,-1.82396698,-2.327497005,2.091751575,2.111225367,2.052378893,1.861278534,2.143829346
1CU6,A,A,91,L,Reverse,3,44,91,3.9,0.485037953,1.412402086,-2.1857355,2.247088,-3.9898345,3.801684,-3.39350462,-3.744469881,-4.67983532,-3.3441329,-4.787230492,3.282236338,3.585581303,4.010775566,3.608604908,4.521223068
1CU5,A,M,91,L,Reverse,5.4,59,91,0.8,-0.378205428,0.235245732,-0.80856085,0.7712817,-1.7986676,1.7156231,-2.010959625,-1.624010563,-1.619061351,-1.564807415,-2.174495935,1.958618641,1.583779573,1.406573653,1.646325231,1.982816458
1L55,A,N,92,D,Reverse,6.7,62,92,1.4,-0.252622099,-0.070211516,-0.896091,0.7927381,-1.5356858,1.6402229,-2.445105791,-1.523039818,-1.101477265,-1.757931232,-0.850875556,2.585834503,1.52592802,1.091867328,1.949782729,1.047703266
224L,A,S,93,A,Reverse,3,52,93,0.2,-0.126980635,-0.077562529,0.06936546,-0.117033936,-0.25337085,0.29125246,-0.348906189,-0.5156762,0.082399018,-0.264001846,-0.220668271,0.399111569,0.48243171,-0.221230045,0.450673997,0.34527576
1QSB,A,C,98,A,Reverse,3,40,98,1,-0.403749504,0.582493585,-1.2541734,1.1939341,-2.3459475,2.324609,-2.076951265,-2.332822323,-1.324811578,-2.588853359,-3.406297445,2.067774773,2.184199095,1.37040782,2.787318707,3.213346243
1QS5,A,L,98,A,Reverse,3,40,98,4.3,-1.102129453,0.884059153,-1.6843036,1.7625787,-2.9545455,3.0217729,-2.777664423,-2.677628517,-0.706598938,-3.398714542,-5.212119579,2.549550772,2.716719151,0.534860611,3.995574951,5.312159538
125L,A,S,98,A,Reverse,3,52,98,2.5,-0.425393325,0.613407965,-1.3002293,1.3366314,-2.42016,2.3896267,-2.457638979,-2.439805508,-1.454547405,-2.605994225,-3.142814159,2.433011293,2.29964447,1.71806848,2.544872761,2.952539444
1QS9,A,V,98,A,Reverse,3,40,98,3.2,-0.877286944,0.834207558,-0.5586304,0.5879079,-2.1172454,2.2474117,-2.062386751,-2.202641726,0.277744263,-2.520841599,-4.078102589,2.147188663,2.236559391,-0.128913254,2.850795746,4.131428719
1L90,A,A,99,L,Reverse,5.7,65,99,4.5,0.29969278,1.451818411,-2.2875845,2.193048,-3.7267137,3.757164,-3.013964653,-3.6951828,-4.168647289,-3.266693592,-4.489079475,3.036154509,3.814925671,4.126482487,3.423265457,4.384994984
1L91,A,F,99,L,Reverse,5.7,65,99,0.3,-0.900026251,0.483552222,-1.5382042,1.5465894,-2.8809063,2.7518198,-2.657180548,-2.736742496,-3.069734812,-2.839148521,-3.101724148,2.59471488,2.411815405,3.335204363,2.769704819,2.647658825
1L92,A,I,99,L,Reverse,5.7,65,99,1.5,-0.563781947,0.575869875,-0.54840606,0.56878066,-2.1187406,2.0778499,-1.455604911,-2.062023163,-2.424624443,-1.729584932,-2.921864271,1.444466352,1.992074966,2.3990376,1.928335428,2.625338554
1L93,A,M,99,L,Reverse,5.7,65,99,0.6,-0.327616056,0.58457731,-1.0317621,1.0644244,-2.314352,2.2410634,-2.016085148,-2.412983894,-2.373229027,-2.069349766,-2.700109005,2.009088516,2.288020849,2.285349131,1.986938119,2.635921717
1L94,A,V,99,L,Reverse,5.7,65,99,2,-0.389029474,0.749935087,-0.80515814,0.8559972,-2.3594356,2.366961,-1.361970544,-2.336164474,-2.723276138,-2.027289152,-3.348474979,1.423212528,2.284482241,2.62940073,2.342455387,3.15525341
244L,A,A,100,I,Reverse,3,44,100,3.4,0.130894713,0.589703463,-2.4426713,2.5564919,-3.675267,3.8054664,-3.591093063,-3.71364069,-3.274709225,-3.19634676,-4.600550652,3.610995531,3.973880053,3.555634737,3.517908573,4.368912697
1CUP,A,M,100,I,Reverse,5.4,65,100,1.6,-0.225060364,0.304599412,-1.2770956,1.2615122,-2.2965283,2.2238586,-2.122867346,-2.236610413,-2.142940521,-2.162271023,-2.817948818,2.086695671,2.185588121,1.990469098,2.226853371,2.629689693
1P36,A,V,100,I,Reverse,5.4,61,100,0.4,-0.604991599,-0.053245023,-0.5606092,0.6015616,-1.3403456,1.3694834,-1.345595241,-1.405051708,-1.300166726,-1.092698455,-1.558217049,1.465615749,1.431409836,1.239115953,1.224000573,1.487276316
1I6S,A,A,101,N,Reverse,5.4,59,101,1.5,-0.230818183,0.230323305,-1.1570508,1.2608626,-2.171171,2.3442497,-2.421089172,-2.529644489,-1.242726088,-2.469225407,-2.19316864,2.180082798,2.803504705,1.625347137,2.510354519,2.601960897
1L77,A,L,102,M,Reverse,5.4,61,102,1,-0.725310274,0.219650292,-0.14506811,0.20310883,-1.220501,1.2360007,-0.894827485,-1.138215542,-1.413774848,-1.301980257,-1.353704453,1.069595098,1.063916922,1.472081661,1.157092333,1.417316914
238L,A,A,103,V,Reverse,3,44,103,2.2,-0.596037804,-0.212190298,-0.8036369,0.79742116,-1.5357319,1.4568317,-1.042979836,-1.525105476,-1.618306279,-1.702951074,-1.789315224,0.978547215,1.467724085,1.635062099,1.415500045,1.787325263
1P7S,A,I,103,V,Reverse,5.4,61,103,0.5,-0.378707285,-0.12158653,-0.16046397,0.124124095,-0.91179055,0.784246,-0.996547639,-0.44439429,-1.366034985,-1.075893164,-0.67607969,0.974276543,0.395135641,0.828462541,0.903485179,0.819872081
1CUQ,A,M,103,V,Reverse,5.4,65,103,1.2,-0.609038804,0.750367154,-0.77173537,0.7781551,-1.2832596,1.3137054,-1.607983232,-1.762172461,-0.720007002,-1.322007537,-1.00412643,1.614737511,1.585310459,0.645591974,1.415589213,1.30729723
1CV0,A,M,104,F,Reverse,5.4,65,104,0.4,-0.260555133,0.76137064,-0.511476,0.469031,-0.548397,0.52779925,-0.251683235,-0.525938869,-0.280162096,-0.787200272,-0.897000015,0.382521003,0.40573886,0.249604702,0.742762983,0.858368278
1G1W,A,M,105,Q,Reverse,5.4,59,105,1.2,-0.59066423,0.573560027,-0.4636229,0.41774064,-0.8870621,0.88734305,-1.25388813,-0.663129807,-0.903000176,-0.83688426,-0.778406858,1.146964788,0.731244385,0.696987033,1.024687767,0.836831868
1P46,A,I,106,M,Reverse,5.4,61,106,-0.2,-0.900555503,-0.020524858,0.00684878,-0.056427576,-0.3962485,0.38407558,-0.755821645,-0.405325443,-0.460641176,-0.384677649,0.02522485,0.959670663,0.41280213,0.311728269,0.164874673,0.071303137
234L,A,L,106,M,Reverse,3,47,106,-0.5,-0.822387836,0.035205729,0.23773003,-0.25701964,0.21517196,-0.094972625,0.146327436,-0.253081501,-0.076343909,0.218847409,1.040109873,0.03042433,0.181996971,0.294255972,-0.118131392,-0.863408983
231L,A,K,106,M,Reverse,3,47,106,3.4,-0.070115606,0.911141616,-0.93370837,0.91274226,-1.9145677,2.0040278,-1.392947078,-1.796866179,-1.969113469,-1.973254085,-2.440655708,1.412797809,1.927379131,2.204903603,2.240010262,2.235047817
1L62,A,D,109,T,Reverse,6.7,62,109,-0.6,0.239698485,0.471981348,0.74640715,-0.85799426,0.8897346,-0.81560075,0.459173888,0.520747781,1.587374449,0.517162383,1.364214182,-0.081726983,-0.576450646,-1.366528273,-0.952640533,-1.100657582
1L59,A,N,109,T,Reverse,6.7,62,109,-0.1,0.100437206,-0.124865689,0.31246328,-0.34768465,0.1630319,-0.10176593,-0.312407106,0.043941185,0.604791284,-0.115961611,0.594795227,0.491826355,-0.120011926,-0.436523318,-0.198824137,-0.245296597
235L,A,A,111,V,Reverse,3,44,111,1.3,0.238999511,0.638681895,-0.82032555,0.8026926,-1.235969,1.2685208,-2.010609627,-1.428200483,-0.581667185,-1.138962626,-1.020405889,1.81459415,1.479996204,0.682775319,1.358603001,1.006637812
2L78,A,I,111,V,Reverse,5.4,61,111,0.9,-0.523587301,-0.035580206,0.007899012,-0.0805061,-0.6107484,0.65200627,-0.680596352,-0.513658464,-0.386232406,-0.775577843,-0.697677374,0.742756546,0.470748395,0.409335703,0.714278579,0.922913373
1CV1,A,M,111,V,Reverse,5.4,65,111,0.7,-0.841251824,0.749535558,-0.3748402,0.21823105,-1.4200903,1.4024422,-0.982314408,-1.366508961,-1.767981052,-1.456403971,-1.527242064,1.064823151,1.390522003,1.703278422,1.341573477,1.512016296
1TLA,A,F,117,S,Reverse,5.4,65,117,-1.1,-1.931175969,-0.991140636,0.3891827,-0.4648872,0.1133845,-0.15097639,0.901218534,-0.744532764,-0.969483852,0.667762637,0.711957872,-0.956847727,0.868821263,1.285237074,-1.19824791,-0.753844857
1CVK,A,A,118,L,Reverse,5.4,65,118,3.2,0.13720585,1.592455013,-2.0846639,2.1066952,-3.02183,3.0255606,-2.745511532,-3.368286848,-2.803460598,-2.995744705,-3.196146727,2.682714701,3.440200329,2.885667562,2.773006439,3.346214771
1CV4,A,M,118,L,Reverse,5.4,65,118,0.7,-0.306778118,0.499453603,-0.59073603,0.55751866,-1.4753984,1.5017549,-1.069868326,-1.50658536,-1.928578377,-1.148202419,-1.723759055,1.233094931,1.420284986,1.907379031,1.271622658,1.676393747
233L,A,L,120,M,Reverse,3,47,120,-0.5,-0.368057158,-0.297174238,-0.1878103,0.045220155,-0.7622264,0.690004,-0.730803311,-0.938539684,-0.251633078,-0.715753019,-1.174401402,0.771164298,0.924271703,-0.048959352,0.926761985,0.876780331
232L,A,K,120,M,Reverse,3,47,120,1.6,-0.302796654,-0.217273349,-1.1738883,0.951841,-1.0777982,1.1964743,-1.717959881,-1.228767633,0.382308245,-1.484518647,-1.340053201,1.790634274,1.396106243,0.220190242,1.547468066,1.027970433
1P6Y,A,Y,120,M,Reverse,5.4,61,120,0.1,-0.769054053,-0.695291303,-0.028426457,0.017050829,-1.0575821,0.77328813,-1.316251993,-1.324477434,-0.543760359,-0.955512106,-1.147907376,1.188845873,0.851501644,-0.012827979,0.81515336,1.02376914
1CV3,A,M,121,L,Reverse,5.4,65,121,0.8,-0.399440939,0.216137301,-0.32368314,0.3229942,-0.6828742,0.7608577,-0.605907977,-0.948467791,-0.679887891,-0.607452631,-0.572654724,0.545137107,0.860877872,0.936813533,0.762490213,0.698968351
1QTC,A,F,129,A,Reverse,3,40,129,1.2,-1.308599141,0.446237644,-1.2347175,1.1507725,-2.3771262,2.5443854,-1.787312031,-2.549560547,-2.589176893,-2.2670784,-2.692502737,2.289083958,2.70733428,2.89028573,2.338534355,2.49669385
1QTD,A,W,129,A,Reverse,3,40,129,2.2,-1.078434873,0.38644393,-0.96837854,0.96654975,-2.158736,2.325105,-1.83628571,-2.139390707,-2.35027504,-2.106045723,-2.361682892,2.202181101,2.0433321,2.663364649,2.38666296,2.329982281
118L,A,S,130,A,Reverse,3,52,130,-1,-0.209140666,0.34289953,-0.46932167,0.4227705,-1.4274473,1.4727643,-1.138451457,-1.392126799,-1.687525153,-1.246355414,-1.672778845,1.239119291,1.439658165,1.691220164,1.205110192,1.788713932
1P64,A,F,133,L,Reverse,5.4,61,133,0.3,-0.920008455,-0.584859217,0.17734024,-0.18257156,-0.18910673,0.045168262,-0.174875304,0.294577956,-0.469681531,-0.248611808,-0.346942067,0.279987246,-0.446115375,0.050887384,0.0759992,0.265084684
1CV5,A,M,133,L,Reverse,5.4,59,133,0.4,-0.445725835,-0.13222384,-0.40856585,0.36305067,-0.9079164,0.9935735,-0.977133453,-0.564159632,-0.990789831,-0.753832579,-1.253666043,1.035189629,0.535689592,1.199629903,0.952696204,1.24466455
119L,A,S,134,A,Reverse,3,52,134,0.1,-0.143066898,0.004305772,-0.1539113,0.08996117,-0.7463568,0.79141074,-0.519104362,-0.904228151,-0.282345176,-0.661314368,-1.364791989,0.717781067,0.944508016,0.364354879,0.655470014,1.274939775
1L39,A,E,144,N,Reverse,6.5,65,144,-0.5,-0.37636796,0.05531776,0.31410146,-0.40075785,0.03713903,-0.078328475,-0.145647749,-0.370111048,-0.038816012,0.376800269,0.363471746,0.222094372,0.521089077,-0.186742917,-0.543525815,-0.404554129
237L,A,A,149,V,Reverse,3,44,149,3.2,0.286818865,0.950145088,-1.3348161,1.3342465,-1.8862865,1.8825715,-2.275276423,-1.432939768,-0.720073402,-2.463253498,-2.539889336,2.256302118,1.525933504,0.650959432,2.422730923,2.556932449
1G07,A,C,149,V,Reverse,5.4,59,149,2,-0.343762942,0.780937134,-0.80534995,0.7447047,-0.8412908,0.8543421,-1.523716927,-0.54559952,1.288339972,-1.571917534,-1.853558779,1.574419022,0.539413452,-1.4034729,1.685048223,1.876304865
1G0P,A,G,149,V,Reverse,5.4,59,149,4.9,-0.547405565,0.752388769,-1.7577665,1.8545024,-2.4446616,2.6259792,-2.62519145,-1.957823038,-0.673102856,-3.034065723,-3.933123827,2.780721903,2.024163485,1.447520971,3.27588892,3.60160327
1G0Q,A,I,149,V,Reverse,5.4,59,149,0.1,-0.462662716,-0.001987033,-0.18139637,-0.026493233,-0.8313341,0.8322269,-0.856879413,-0.775643408,-0.583781779,-1.093768239,-0.846596062,0.920034349,0.674042821,0.477319658,1.196139693,0.893598974
1CV6,A,M,149,V,Reverse,5.4,65,149,2.8,-0.615806418,0.288771546,-0.6331847,0.46892372,-1.2004578,1.13381,-1.462138295,-0.974653184,-0.470889151,-1.387827158,-1.70678091,1.53306973,0.867883563,0.285688818,1.382951021,1.599458218
126L,A,T,149,V,Reverse,3,52,149,2.8,0.270934869,0.797783643,-1.2339984,1.1946915,-2.2148457,2.2431424,-2.254181385,-1.801447153,-0.980058253,-2.7067976,-3.331743002,2.240084648,1.843007565,1.316828966,2.674685478,3.141105175
1G06,A,S,149,V,Reverse,5.4,59,149,4.4,0.428389664,1.056235882,-1.6625044,1.7444519,-2.553835,2.6320934,-2.579250336,-2.05948329,-1.158825755,-3.098666191,-3.872950077,2.662328005,2.127038717,1.393649578,3.204777718,3.772674084
1G0G,A,A,152,T,Reverse,5.4,59,152,1.5,-0.678915873,0.188387883,-0.3326265,0.13378714,-0.81444836,0.8027304,-1.123482943,-0.70029968,-0.621887386,-0.716323197,-0.910247505,1.165639162,0.633464575,0.444863558,0.902641833,0.867042005
1G0K,A,C,152,T,Reverse,5.4,59,152,0.5,-0.953162114,-0.429004213,0.66578877,-0.7453624,0.87694514,-0.7994996,0.483560294,0.902017772,1.602061868,0.820444524,0.576642036,-0.346892267,-1.000141621,-1.589089513,-0.579981565,-0.481391191
1G0M,A,I,152,T,Reverse,5.4,59,152,0.4,-1.729716637,-1.355695993,0.7010328,-0.8365272,0.024840679,0.005903178,-0.149255931,-0.054027818,0.241610676,0.15915516,-0.07327766,0.052516744,-0.059414536,-0.166047603,0.087599248,0.114862472
1G0J,A,S,152,T,Reverse,5.4,59,152,2,-0.294294311,0.787733913,-0.7122302,0.5839491,-1.34117,1.449365,-1.386748552,-1.155736446,-1.060866237,-1.32019639,-1.782301664,1.426612735,1.151906967,1.290291786,1.51165843,1.866355896
1G0L,A,V,152,T,Reverse,5.4,59,152,-0.2,-1.150350281,-0.899683509,0.25369528,-0.35053483,-0.47940844,0.5228177,-0.486652911,-0.552563488,-0.215133905,-0.47070545,-0.671986103,0.493161023,0.505493283,0.24697347,0.682985187,0.685474098
1L85,A,A,153,F,Reverse,5.7,65,153,3.8,0.577141385,1.61830207,-1.7588946,1.7657259,-2.6733184,2.6631787,-2.759536028,-1.434533119,-2.057965279,-3.116719246,-3.997838736,2.782166481,1.529173374,1.888371229,3.197320938,3.918861866
1L86,A,I,153,F,Reverse,5.7,65,153,0.2,-0.890361518,0.1474833,-0.25202107,0.26718208,-0.49962416,0.54155767,-1.42149055,0.238976896,0.896345317,-0.916401923,-1.295549393,1.623390436,-0.213686585,-0.888255119,1.116318464,1.070019722
1L87,A,L,153,F,Reverse,5.7,65,153,-0.3,-0.569391509,0.415025088,-0.6408926,0.48737827,-1.1185503,1.2313265,-1.906739235,-0.919238269,0.403280705,-1.825335145,-1.344718218,2.016283035,0.766283751,-0.091727301,1.969825983,1.495966554
1L88,A,M,153,F,Reverse,5.7,65,153,0.6,-0.637691251,0.236693699,0.0666612,-0.07314182,0.66326946,-0.5773976,0.217809275,0.905165851,1.525197744,0.531012416,0.137163848,-0.11837931,-0.958943784,-1.380406499,-0.376132756,-0.053127445
1L95,A,V,153,F,Reverse,5.7,65,153,1.8,-0.494906522,0.499317664,-0.9904307,1.087008,-1.2358674,1.2492157,-1.914180636,-0.357967526,0.121456705,-1.62592566,-2.402719259,2.115310669,0.392176598,-0.239776552,1.765492797,2.212874413
1OUG,A,A,2,V,Reverse,2.7,65,2,1.5,-0.11596174,1.166617186,-1.3403054,1.1865124,-1.401322,1.4110672,-1.682071686,-1.220605373,-1.486236095,-1.281715751,-1.335980535,1.744128227,1.17190814,1.554531455,1.379296899,1.20547092
1GAY,A,G,2,V,Reverse,2.7,65,2,1.3,0.129847978,1.640391314,-1.7577658,1.6229732,-2.1876788,2.1516266,-2.171814442,-2.104229212,-2.444061279,-1.931724787,-2.286562681,2.114798307,2.024231434,2.428878784,1.971954226,2.218266964
1GF8,A,S,2,V,Reverse,2.7,65,2,1.4,0.503794239,1.612649072,-1.4047385,1.2564062,-1.7010418,1.701478,-2.13855958,-1.612829208,-1.674797893,-1.387208939,-1.691812754,2.136933088,1.609274387,1.603246927,1.451274395,1.706661701
1GF9,A,Y,2,V,Reverse,2.7,65,2,0.4,-0.660044571,0.775276514,-0.53757834,0.5252253,-0.68579817,0.71462107,-1.448577285,-0.565141618,-0.719023347,-0.304280579,-0.391967654,1.430271864,0.487677634,0.713253379,0.506082058,0.435820878
1GFA,A,D,2,V,Reverse,2.7,65,2,1.4,0.037380829,1.055688119,-1.0370651,1.0196437,-1.3810209,1.4372145,-1.818395853,-1.165551901,-1.376194358,-1.240320563,-1.304641724,1.762579083,1.082720757,1.507778168,1.447868705,1.385125875
1GFE,A,N,2,V,Reverse,2.7,65,2,1.3,-0.22526616,1.130529275,-1.1720892,1.0374063,-1.2925953,1.2864393,-2.022125244,-1.087179422,-1.143439412,-1.079536676,-1.13069427,1.895331979,0.957902908,1.277317882,1.194088221,1.107557178
1GFG,A,R,2,V,Reverse,2.7,65,2,0.4,-0.075385759,0.929846565,-0.96256846,0.8600529,-1.1110052,1.1547706,-1.775429487,-1.067418098,-0.85907644,-0.988429904,-0.864672244,1.844637036,1.070209742,0.914600849,1.048722863,0.895681441
1GB0,A,L,2,V,Reverse,2.7,65,2,-0.3,-0.38809897,0.433137071,-0.19921958,0.1374809,-0.21093953,0.26920256,-0.801117957,-0.172531798,-0.098839812,0.07168366,-0.053890571,0.956137955,0.12332207,0.196664646,-0.051872253,0.121757627
1GB2,A,M,2,V,Reverse,2.7,65,2,0.2,-0.709711859,0.912136668,-0.43248838,0.27408922,-0.2620204,0.34967455,-0.745977521,-0.138496295,-0.331431478,-0.064999498,-0.029196806,0.873209,0.116378158,0.401171416,0.159631699,0.197983131
1GB3,A,F,2,V,Reverse,2.7,65,2,0.8,-0.860418276,0.707904634,-0.61311483,0.51075363,-0.6125597,0.6304552,-1.308389187,-0.52150321,-0.48028639,-0.34997201,-0.402646959,1.265259266,0.436549008,0.534829199,0.575620115,0.340017736
1WQN,A,F,20,Y,Reverse,2.7,65,20,0.5,-0.42883799,0.143803568,-0.52739125,0.3288158,-0.49145007,0.5225138,-0.85394299,-0.459089339,-0.476532549,-0.379699916,-0.287984729,0.853889406,0.343718529,0.550039887,0.589750707,0.275171459
2HEB,A,A,23,I,Reverse,2.7,65,23,2.5,0.123903231,0.953057962,-1.7281826,1.5600836,-1.9061171,1.8949715,-1.408537269,-1.820181608,-2.501789093,-1.520452619,-2.279626846,1.326239467,1.777021646,2.547595263,1.571928382,2.252074242
1YAN,A,V,23,I,Reverse,2.7,65,23,0.4,-0.410034438,0.099328242,-0.45499286,0.41924,-0.3175712,0.3736384,-0.264454603,-0.325272381,-0.324915588,-0.033423722,-0.639789343,0.347721189,0.265532404,0.332568347,0.227691591,0.694679677
1WQO,A,F,38,Y,Reverse,2.7,65,38,0.2,-0.529069856,0.045149533,-0.42502993,0.15357548,-0.4968411,0.5858341,-0.65773201,-0.524044871,-0.417132914,-0.514515996,-0.370779932,0.859287858,0.62353754,0.484271497,0.581838608,0.380235076
1WQP,A,F,45,Y,Reverse,2.7,65,45,-0.1,-0.301196768,0.464471067,-0.025240466,-0.124545574,0.22819085,-0.21492629,-0.06629388,0.37783736,-0.047835812,0.662753761,0.21449466,-0.06906949,-0.345954299,0.112201191,-0.591342688,-0.180465907
1LHL,A,P,47,A,Reverse,2.8,69,47,-0.1,-0.253045634,-0.594416397,-0.3685241,0.36345786,-0.8288029,0.9029686,-0.440160513,-0.366896003,-1.798993826,-0.99767983,-0.540283859,0.547311425,0.366067827,1.715795875,1.30696249,0.578705668
1WQQ,A,F,54,Y,Reverse,2.7,65,54,1,-0.509606293,0.556272756,-0.6098103,0.49599567,-1.1342894,1.2059249,-1.032299876,-1.310266733,-0.971460044,-1.187574744,-1.169843197,1.124121904,1.285501003,0.937662363,1.496816635,1.185523987
2HEC,A,A,56,I,Reverse,2.7,65,56,3.7,0.087951037,1.749552514,-2.7294002,2.6520166,-3.3663878,3.3920918,-1.644617558,-3.599495888,-3.798443794,-3.940244198,-3.849138737,1.812622309,3.521507263,3.838818789,3.919480324,3.868033409
1OUA,A,T,56,I,Reverse,2.7,65,56,4.3,0.459209737,1.778109602,-1.7061716,1.6850405,-2.8932223,2.920958,-1.121883512,-2.972726107,-3.764805794,-3.202645302,-3.404052258,1.225535393,2.845128536,3.735411167,3.249234676,3.549481153
1YAO,A,V,56,I,Reverse,2.7,65,56,1.2,-0.489903569,0.932610271,-1.0641907,0.99352646,-1.286268,1.3605157,-1.109199166,-1.342507362,-1.254835725,-1.352216959,-1.372579575,1.224897027,1.293143988,1.353420854,1.511667371,1.419449687
2HED,A,A,59,I,Reverse,2.7,65,59,1.7,0.111118474,1.732123324,-3.7300458,3.3056731,-2.1688023,1.8306248,-3.031227589,-1.855581045,-2.042167664,-1.995114446,-1.919917107,2.207675695,1.936033964,1.997776628,1.256642699,1.754996538
2HEE,A,G,59,I,Reverse,2.7,65,59,3.8,0.091404888,2.081888711,-2.1261945,2.0036392,-3.2301502,3.2512455,-1.747108579,-3.554869413,-3.701616526,-3.52001524,-3.627141953,1.572575092,3.592689514,3.742502689,3.66372776,3.684734583
1YAP,A,V,59,I,Reverse,2.7,65,59,1.1,-0.499776442,0.676344949,-1.1747234,0.8825981,-0.9535362,0.9699723,-1.124552965,-0.969560683,-1.018065333,-0.76999718,-0.885506153,1.173329234,1.035362959,1.065382123,0.735429049,0.840357184
1WQR,A,F,63,Y,Reverse,2.7,65,63,0.2,-0.345330083,0.418667251,-0.39063892,0.4158408,-0.30540735,0.40895787,-0.38322401,-0.411023438,-0.239573598,-0.355019778,-0.138195947,0.461055845,0.4201428,0.297380418,0.614862442,0.251346409
1LHI,A,G,71,P,Reverse,2.8,69,71,1.6,0.311807257,1.069646565,-1.3603302,1.3990821,-2.5659416,2.491984,-1.811483145,-3.041812897,-3.480357647,-2.404979229,-2.091073751,1.818125367,2.837308407,3.587754011,2.488713741,1.728018165
1OUH,A,A,74,V,Reverse,2.7,65,74,0.4,0.112599453,0.583908122,-0.51588404,0.46134895,-0.22101884,0.19556198,-0.539381325,-0.104170918,-0.448046923,0.046236679,-0.059731513,0.501553237,0.112969071,0.370719284,-0.114482433,0.10705401
1GB5,A,G,74,V,Reverse,2.7,65,74,0.1,-0.137126395,0.190572563,-0.9880911,0.9332566,-0.5977506,0.54164326,-1.012049079,-0.490804434,-0.48645708,-0.574204087,-0.425238371,0.908596575,0.498258442,0.528158844,0.313440025,0.459762752
1GB6,A,I,74,V,Reverse,2.7,65,74,1.9,-0.367761,0.402925588,0.29891345,-0.42064542,0.49847046,-0.4712554,0.329902887,0.759771943,0.22423555,0.705990374,0.472450733,-0.09644179,-0.784355581,-0.165816844,-0.800554872,-0.5091061
1GB7,A,L,74,V,Reverse,2.7,65,74,0.4,-0.334350269,0.191046774,-0.16924092,-0.000732678,0.06679018,-0.05125034,-0.234352887,0.236997619,-0.031936184,0.293994665,0.069250993,0.261514723,-0.105143145,-0.031403944,-0.317529678,-0.0636907
1GB8,A,M,74,V,Reverse,2.7,65,74,0.4,-0.427201772,0.502590028,-0.097499125,-0.05236695,0.36849672,-0.36183172,-0.033560757,0.518390477,0.473349541,0.451761156,0.43254441,0.189436004,-0.545667827,-0.482866138,-0.536434293,-0.433626771
1GB9,A,F,74,V,Reverse,2.7,65,74,0,-0.729155941,0.455686797,-0.061654396,-0.0608278,-0.09352089,0.19567198,0.206197634,-0.003691532,-0.399299204,-0.096201777,-0.174607784,0.169895858,0.146286905,0.428529292,0.058433548,0.175214142
1GFH,A,Y,74,V,Reverse,2.7,65,74,0.3,-0.425110032,0.16840655,-0.10046103,0.05339866,-0.20307222,0.23270503,0.08308737,-0.225758314,-0.334505826,-0.249054208,-0.289128125,0.159009159,0.15937309,0.323751807,0.159524575,0.361865222
1GFJ,A,D,74,V,Reverse,2.7,65,74,0.4,0.251250668,0.510593,-0.76811945,0.8206364,-0.69494146,0.6600615,-1.045805693,-0.576376259,-0.848831475,-0.426899344,-0.576795995,0.831388831,0.482033849,0.874889791,0.529022336,0.582969844
1GFK,A,N,74,V,Reverse,2.7,65,74,0.3,-0.074804388,0.232765867,-0.5775554,0.583359,-0.4278063,0.3795934,-0.53138411,-0.151482448,-0.572580576,-0.605772972,-0.27781266,0.677791536,0.030055478,0.563295543,0.353791296,0.273031056
1GFR,A,R,74,V,Reverse,2.7,65,74,0.1,0.193326032,-0.138175412,-0.5037536,0.39804748,-0.054718804,0.072300754,-0.434051841,-0.097528815,-0.031684697,0.059172705,0.230500624,0.368292749,0.368229598,0.0390401,-0.111826122,-0.302233398
1B7S,A,S,74,V,Reverse,2.7,65,74,0.4,0.475998869,0.489390475,-0.007977675,0.13799514,-0.19285758,0.14381349,-0.257309914,-0.055083424,-0.393919945,0.007046729,-0.265022635,0.208256975,0.035753757,0.427366585,-0.094720244,0.142412826
1HNL,A,A,77,C,Reverse,4.5,57,77,4.6,-0.215725667,1.221653522,-2.9461339,2.9070053,-3.8065689,3.7702422,-2.244277716,-3.970133305,-4.504809856,-4.004603863,-4.309018135,2.15055418,4.075930595,4.483914375,3.872591496,4.268220425
2HEF,A,A,89,I,Reverse,2.7,65,89,2.7,0.085414449,1.451064304,-2.1715305,2.2343252,-2.5521598,2.5742154,-2.421343327,-2.605073929,-2.68930912,-2.548318386,-2.496750116,2.398088217,2.5602355,2.661056519,2.710234165,2.541460752
1YAQ,A,V,89,I,Reverse,2.7,65,89,0.5,-0.512942961,0.860159358,-0.87707293,0.85173225,-0.96550673,0.9974681,-1.074440718,-1.223229885,-0.811188281,-1.048200607,-0.670473576,1.207204938,1.207867861,0.826762438,1.119149804,0.626355231
1LHK,A,P,91,D,Reverse,2.8,69,91,0.4,-0.309611379,0.518540139,-0.5771914,0.6829342,-0.15591474,0.31725472,0.051613878,-0.701469958,0.525969088,-0.634796739,-0.020887444,0.239373028,0.693927228,-0.324578255,0.502553463,0.474998474
1OUI,A,A,93,V,Reverse,2.7,65,93,0.7,0.281937282,1.235108267,-1.3372968,1.4235047,-0.7361678,0.8377754,-1.422654629,-0.514825106,-0.824413002,-0.20927006,-0.709676862,1.698607564,0.602333903,0.837204874,0.312905103,0.737825274
1OUJ,A,A,99,V,Reverse,2.7,65,99,1,0.180876739,1.267214762,-2.1045647,1.98006,-1.4318463,1.4466211,-2.23888135,-1.435730934,-1.069757819,-1.203197479,-1.2116642,2.255661726,1.381195545,1.091231227,1.353999972,1.151019096
1OUB,A,A,100,V,Reverse,2.7,65,100,0.3,0.067062639,1.04668439,-1.278048,1.1681601,-0.6849486,0.69612145,-1.914577961,-0.466379344,-0.558009744,-0.212272614,-0.273505181,1.846479058,0.370416313,0.616444349,0.339915067,0.307354212
1LHJ,A,G,103,P,Reverse,2.8,69,103,0.1,0.196601117,1.058279685,-0.29087567,0.217769,-0.29808897,0.34298798,-1.094178915,-0.685187459,-0.160708115,0.437124133,0.012503013,0.994861901,0.490074247,0.209903404,-0.416440874,0.436541915
2HEA,A,A,106,I,Reverse,2.7,65,106,0.9,0.18097171,1.409167118,-1.7308279,1.7770067,-1.446054,1.4953635,-2.17200017,-1.661174774,-1.040531516,-1.32688868,-1.029673934,2.393032312,1.578648567,0.959628522,1.362124562,1.183384657
1YAM,A,V,106,I,Reverse,2.7,65,106,0.7,-0.366484806,0.71384192,-0.67866355,0.6618699,-0.5441877,0.63142216,-0.68097198,-0.614492059,-0.562947452,-0.261333466,-0.601193309,0.842338145,0.542183042,0.730157673,0.401858568,0.640573323
1OUC,A,A,110,V,Reverse,2.7,65,110,-0.5,0.022018439,0.712501919,-0.49105167,0.3808893,-0.107754946,0.17016962,-0.732982635,-0.066763476,0.011712333,0.05009602,0.199161068,0.966622949,0.080617793,-0.023678886,-0.066175207,-0.106537357
1GFU,A,D,110,V,Reverse,2.7,65,110,-0.2,0.269656033,0.566150712,-0.17223133,0.06454377,0.042031266,0.001957977,-0.501310527,0.194593757,0.085726239,0.230152369,0.200994357,0.926495194,-0.149276495,-0.08830104,-0.375895232,-0.303229392
1GBO,A,G,110,V,Reverse,2.7,65,110,2.2,0.192726658,0.797434682,-0.40838307,0.36697397,0.07807845,-0.042118747,-0.959626615,0.253948957,0.311922878,0.243245006,0.540901542,1.131272435,-0.240070105,-0.267261147,-0.282313466,-0.552221835
1GBW,A,I,110,V,Reverse,2.7,65,110,0.8,-0.564561976,0.444749324,0.026142258,-0.034374177,0.046011332,0.004628742,-0.823579907,0.024899326,0.539191246,0.290210396,0.199334979,0.976141691,-0.113712177,-0.524837315,-0.092438653,-0.222010806
1GBX,A,L,110,V,Reverse,2.7,65,110,-0.1,-0.366833574,0.169539501,0.06191934,-0.076029554,0.2690804,-0.2114377,-0.35238266,0.406362951,0.3503097,0.398570001,0.542541265,0.641457617,-0.385132045,-0.343170136,-0.425355375,-0.544987798
1GBY,A,M,110,V,Reverse,2.7,65,110,-0.4,-0.716181138,0.442344673,-0.09714282,0.09848042,0.11653266,-0.068314865,-0.831951022,0.229683414,0.519928455,0.407451302,0.257551193,0.962990403,-0.2877298,-0.505102515,-0.208265603,-0.303466439
1GFV,A,N,110,V,Reverse,2.7,65,110,-0.1,-0.054047368,0.520108832,-0.55314803,0.5178484,-0.26721603,0.30224764,-1.316841722,0.150749713,-0.086110808,0.007564276,-0.091439873,1.481017709,-0.097593457,0.11105115,-0.024018481,0.040781431
1INU,A,R,110,V,Reverse,2.7,65,110,-0.9,0.148551926,0.441567668,0.03981675,-0.12546396,0.47596222,-0.43008628,-0.163280919,0.666068256,0.565683246,0.685060799,0.626277328,0.759584188,-0.775302589,-0.601631641,-0.932810485,-0.600269377
1GBZ,A,F,110,V,Reverse,2.7,65,110,1.9,-0.826573929,0.50893152,-0.87977326,0.81026536,-0.7195769,0.72410566,-2.266572952,-0.611013234,-0.296328932,-0.274174571,-0.149794862,2.376624346,0.5170573,0.315310478,0.268754423,0.142782509
1LHH,A,P,110,V,Reverse,2.8,69,110,-0.5,0.096172128,0.597610994,-1.1486971,1.135732,-1.3924303,1.4547875,-1.516859412,-0.714642227,-1.860470057,-1.454038024,-1.416141391,1.818622947,0.80213356,1.943122029,1.245530248,1.464529514
1GFT,A,Y,110,V,Reverse,2.7,65,110,0.1,-0.556332902,0.177673329,-0.64001566,0.7429378,-0.5699328,0.55395436,-1.932059526,-0.462961137,-0.182088807,-0.352031082,0.079472758,1.936810851,0.481971771,0.229382709,0.251621813,-0.13001582
1OUD,A,A,121,V,Reverse,2.7,65,121,1.4,0.138601605,1.201317545,-1.1465063,1.1883496,-0.8905133,1.005041,-0.990697086,-0.8077299,-0.992058933,-0.718790829,-0.943287671,1.160027623,0.872968554,1.034421921,0.931420922,1.026367664
1WQM,A,F,124,Y,Reverse,2.7,65,124,0.4,-0.51055821,0.738704169,-0.61804944,0.5749255,-1.0537193,1.0733979,-1.440553546,-1.165822268,-0.628809392,-1.239431858,-0.793979645,1.59156239,1.125972986,0.550578415,1.234179854,0.864696741
1OUE,A,A,125,V,Reverse,2.7,65,125,1.3,0.082593997,1.364166684,-1.7357556,1.7036959,-1.4241852,1.4547465,-1.515985608,-1.368209362,-1.485246778,-1.134426355,-1.617058158,1.678818822,1.387774944,1.571095586,1.105595589,1.530447483
1OUF,A,A,130,V,Reverse,2.7,65,130,0.8,0.086894905,0.512217366,-0.60912514,0.5499037,-0.5942925,0.6948124,-0.446454227,-0.527684569,-0.911688805,-0.548211217,-0.537422061,0.607151926,0.511731863,1.058985591,0.657847166,0.638346136
1DMQ,A,F,32,Y,Reverse,7,25,32,-0.2,-0.71261888,0.045149533,0.3822851,-0.39946604,0.39569792,-0.4289195,0.760595858,0.467434853,0.212097272,0.268438101,0.269925475,-0.847941399,-0.532145262,-0.200730339,-0.310896337,-0.252881527
1DMM,A,F,57,Y,Reverse,7,25,57,1.2,-0.565267405,0.051409572,-0.11434275,0.011804153,-0.8597895,0.8880105,-0.730844498,-0.669663966,-1.077110887,-0.813052118,-1.008274436,0.648841977,0.599322736,1.12063694,0.960157037,1.111092329
1RGC,C,K,25,Q,Reverse,7,25,25,-1.4,-0.521638346,-0.225030174,0.62497306,-0.5953754,0.97877055,-0.87958354,1.198606133,0.942439377,0.983061135,1.025104046,0.744641602,-1.050312042,-0.92641294,-0.933166265,-0.800246537,-0.687779844
1VQG,A,L,47,I,Reverse,7.1,25,47,0.4,-0.372438949,0.284748821,-0.43616095,0.45309526,-0.09138809,0.1499824,-0.271499962,-0.307075441,0.32473895,-0.007046551,-0.196055546,0.407732397,0.238424569,-0.31831944,0.143665522,0.278408408
1VQH,A,M,47,I,Reverse,7.1,25,47,1.7,-0.343556598,0.389431051,-1.2651322,1.2661846,-1.0080885,1.0540637,-1.283455968,-1.057533264,-0.955616534,-0.883673191,-0.860163033,1.383743167,1.044670343,0.905103862,0.978062868,0.958738208
1VQI,A,V,47,I,Reverse,7.1,25,47,2,-0.44965204,0.309588797,-0.7915845,0.8415047,-0.93308353,1.0253093,-0.703888595,-0.83716923,-1.351627469,-0.59688139,-1.175850749,0.891609251,0.810916483,1.31241262,0.831287146,1.280322313
1VQJ,A,I,35,V,Reverse,7.1,25,35,0.6,-0.545278766,-0.114245869,0.36911276,-0.3637856,0.1812436,-0.111723684,0.3001616,0.105297811,0.480208844,0.128571868,-0.108022615,-0.147766784,-0.160572588,-0.490645856,0.061766461,0.178601876
1YHB,A,F,41,Y,Reverse,7.1,25,41,3.2,-0.583730065,0.158523072,0.28610578,-0.25633064,0.18334086,-0.07282459,-0.000477213,-0.053847656,0.719008207,0.142969772,0.109051138,0.100894898,0.000529394,-0.523302376,0.122155234,-0.0643989
149L,A,L,3,I,Reverse,5.4,70,3,-0.7,-0.818875655,-0.185309339,-0.15430468,0.045837503,-0.06429853,0.12997293,-0.015802465,-0.177931517,-0.316910028,-0.210815489,0.399969339,0.079230383,0.094836317,0.620183825,0.096865773,-0.241249025
172L,A,C,3,I,Reverse,6.5,65,3,0,-0.053178148,0.264487373,-0.7103949,0.6121906,-1.0542592,1.1172712,-0.936532497,-1.039140224,-0.871931612,-1.214045882,-1.209645629,1.047585607,1.006715536,0.871191978,1.39005506,1.27080822
1L96,A,P,3,I,Reverse,2,39,3,3,0.669295814,0.694093566,-1.1706008,0.9580334,-1.7655455,1.7480274,-1.649846315,-1.513014317,-1.993529201,-1.842014313,-1.829320431,1.699846625,1.44763732,2.121592045,1.664608002,1.806453705
1L18,A,Y,3,I,Reverse,6.5,65,3,2.3,-0.472644924,0.171591975,-0.92631674,0.79085577,-1.7008207,1.734712,-1.602479696,-1.532439709,-1.359775901,-1.792520523,-2.216885328,1.49686265,1.632869959,1.706131339,1.710627556,2.127069712
1L17,A,V,3,I,Reverse,6.5,65,3,0.4,-0.334776789,0.314885135,-0.33697212,0.23488131,-0.7316132,0.76510966,-0.694455683,-0.872401178,-0.670062423,-0.813631475,-0.607516348,0.737997651,0.84682864,0.624913096,0.961635232,0.654174447
150L,A,I,6,M,Reverse,6.5,65,6,1.4,-0.568664141,0.143837881,-0.67678666,0.6333991,-1.8755382,1.9371967,-1.632755041,-1.937377214,-1.346390128,-2.133294582,-2.32787466,1.681752205,1.906578064,1.42722249,2.370116711,2.300315142
1L42,A,E,16,K,Reverse,5.3,67,16,-0.5,-0.388454533,0.201735084,0.44105968,-0.501647,0.17956346,-0.3077883,0.271930993,0.31696701,0.311351418,0.0017564,-0.004186735,-0.308055878,-0.284270108,-0.528294027,-0.316212445,-0.102109253
1L19,A,D,38,S,Reverse,5.4,70,38,-0.6,-0.321372848,-0.321000965,-0.2398922,0.3258263,-0.36758626,0.45224506,-0.945223033,-0.510605395,0.231815636,-0.343637049,-0.270281404,0.827295005,0.718850434,0.443066508,0.06527248,0.206740215
1L21,A,G,55,N,Reverse,6.5,42,55,0.6,-0.43007626,-0.521250867,-0.18064505,0.11575027,-0.13368963,-0.008531431,-0.17654267,-0.24680239,0.024384005,-0.221921951,-0.047563061,0.18121469,0.235917687,-0.192963347,-0.262699455,-0.004127629
1L56,A,P,60,K,Reverse,6.5,65,60,0,-0.147084798,0.018900666,-0.23738456,0.1827463,-0.76987195,0.6989291,-0.961471617,-0.544463336,-0.582918227,-1.052338362,-0.708168983,0.868547201,0.699577451,0.863309324,0.573542178,0.489672244
1L23,A,A,77,G,Reverse,6.5,65,77,-0.4,-0.840764442,-0.260202648,0.050859522,-0.1802633,-0.4570045,0.35907954,-0.420202881,-0.43834573,-1.314962864,-0.216614753,0.105107218,0.397996873,0.24540773,1.143749595,0.085227132,-0.076981887
1L24,A,P,82,A,Reverse,6.5,65,82,-0.8,-0.473138938,-0.79474771,-0.09473033,0.011334327,-1.1813161,1.2530711,-0.7156201,-1.443984747,-1.180498958,-0.655701458,-1.91077435,0.712132812,1.44299984,1.629271984,1.069096804,1.41185379
3C81,A,A,85,K,Reverse,5.4,58,85,0.6,-0.152153224,-0.04248818,-0.19214356,0.12642516,-0.5320203,0.47577858,-0.422593951,-0.621305168,-0.66854316,-0.803351641,-0.144307762,0.500179529,0.80193603,0.204069927,0.509343743,0.363364875
3C83,A,A,89,D,Reverse,5.4,58,89,0.5,0.012265735,0.212641984,-0.82694644,0.75089455,-1.2194266,1.0783708,-0.783899546,-1.191565275,-1.642275572,-1.455316544,-1.024073601,1.040002584,1.224956274,1.064777851,1.269496322,0.792619288
3C7Y,A,A,96,R,Reverse,5.4,58,96,2,-0.166329967,0.706319932,-1.147665,1.2763289,-2.3447654,2.2787018,-2.267757416,-2.894517899,-1.248889327,-2.350784302,-2.961873531,2.142956972,2.815631628,1.053463101,2.139279366,3.242180824
3C8Q,A,D,96,R,Reverse,5.4,58,96,3.5,-0.154161344,0.57292724,-1.4026979,1.3110489,-2.4029756,2.3614645,-2.388244867,-2.569854498,-1.42530489,-1.951219559,-3.680254936,2.236376762,2.629532099,1.499176741,1.948387742,3.493850231
3CDV,A,M,96,R,Reverse,5.4,58,96,2.7,-0.509387727,0.384969015,-1.0482383,1.06505,-1.6951174,1.656537,-1.619931102,-2.16645956,-0.748817444,-1.669885159,-2.270494938,1.695999742,1.994544268,0.597422302,1.538988113,2.455729485
3C8S,A,E,96,R,Reverse,5.4,58,96,2.5,-0.140787497,0.418142372,-0.9132371,0.7847135,-1.8738924,1.8301426,-1.993040919,-2.004725695,-1.145887256,-1.16076827,-3.065036535,1.896098375,2.02809453,0.932788312,1.476102591,2.817630529
3C8R,A,G,96,R,Reverse,5.4,58,96,2.6,-0.012497268,0.971039888,-1.1954235,1.3069397,-2.8941681,2.8985186,-2.813866138,-3.233728886,-1.920695543,-2.781032562,-3.721516371,2.776777983,3.205673695,1.991165042,2.791673183,3.727302313
3CDR,A,Q,96,R,Reverse,5.4,58,96,0.3,-0.685929042,-0.052235621,-0.13932154,0.053013258,-0.8699039,0.8522798,-1.272665143,-1.075965405,-0.337344617,-0.578836977,-1.084708571,1.117723703,1.239408255,0.058767907,0.69477129,1.150727868
3F8V,A,H,96,R,Reverse,5.4,58,96,3.1,-0.475495973,0.283859101,-1.0351343,0.9773262,-1.7310724,1.6589245,-1.971154809,-2.244526148,-0.453945369,-1.762550354,-2.223183155,1.927657604,2.019616842,0.13198553,1.90746212,2.30790329
3CDT,A,N,96,R,Reverse,5.4,58,96,3,-0.183833604,0.550305007,-1.1371473,1.1038615,-2.2851,2.2426403,-2.217335224,-2.78676486,-1.354478478,-2.081651688,-2.985267401,2.091552019,2.55134654,1.429260373,2.065536022,3.075507164
3C7W,A,K,96,R,Reverse,5.4,58,96,0,-0.746639844,0.343602444,-0.34796038,0.32341808,-1.1508169,1.1167166,-1.204337716,-1.33259201,-0.900826812,-0.9627527,-1.353574514,1.196117163,1.309346914,0.41065684,1.200342894,1.467121124
3CDQ,A,S,96,R,Reverse,5.4,58,96,2.6,-0.175514562,1.125515753,-1.0816983,1.0711709,-2.4205146,2.2907872,-2.364438057,-2.692993641,-1.43727386,-2.369222641,-3.238646269,2.219407558,2.585423231,1.268202186,2.215842247,3.165060282
3C80,A,Y,96,R,Reverse,5.4,58,96,4.7,-0.495050499,-0.358065029,-1.2711748,1.3310553,-2.390146,2.2878237,-2.298396111,-2.942875862,-1.361563325,-2.153892994,-3.194001198,2.242444992,2.556168318,0.919357359,2.313669682,3.40748024
3CDO,A,V,96,R,Reverse,5.4,58,96,2.4,-0.655054573,0.789367655,-1.4809176,1.4979008,-2.6523063,2.5750587,-2.219547749,-2.793482304,-1.764425397,-2.820637703,-3.663439512,2.191171408,2.576984882,1.580163717,2.616413116,3.910560369
3FI5,A,W,96,R,Reverse,5.4,58,96,4.5,-1.06406354,-0.734622158,-0.97285616,0.9372039,-1.6525205,1.631345,-1.4519279,-2.096358776,-0.816081047,-1.624393106,-2.27384305,1.469985008,1.756495237,0.498504907,1.695491314,2.736249685
1L48,A,V,98,A,Reverse,3,40,98,4.9,-0.874714354,0.873190907,-0.30986795,0.30708686,-1.6093729,1.6857846,-1.51218164,-1.833673477,0.985270143,-2.034354687,-3.651925325,1.616700292,1.834664106,-0.911403596,2.283279419,3.605683327
1L00,A,A,105,Q,Reverse,5.8,66,105,0.6,-0.351493812,0.938542184,-0.76351166,0.5941622,-0.5992658,0.42124897,-0.908179104,-0.127937466,-0.426711768,-0.919540167,-0.613961339,0.786239982,0.138364241,-0.233040899,0.784821033,0.629859805
1L98,A,E,105,Q,Reverse,5.8,66,105,1.1,-0.443840099,0.512465792,-0.7753864,0.58713853,-1.1237518,1.1298954,-1.248814583,-1.37651372,-1.075054049,-0.912554979,-1.005820394,1.436431766,1.358150005,0.972733378,0.925653279,0.956511438
1L99,A,G,105,Q,Reverse,5.8,66,105,1.5,-0.009730002,0.895589676,-1.2764361,1.1938943,-1.3670563,1.3214657,-1.61593914,-0.358321428,-0.84201014,-1.897479892,-2.121530056,1.577894568,0.830540776,0.433187336,1.747203231,2.018502235
1L60,A,A,113,G,Reverse,6.5,65,113,-0.3,-0.69955705,0.14700775,0.49983078,-0.5694555,0.44287258,-0.5056552,0.4790169,0.656464279,0.424282193,0.372150838,0.282445908,-0.465949237,-0.653461456,-0.453551978,-0.574056804,-0.381254673
1L37,A,E,115,T,Reverse,6.5,65,115,-0.3,0.089927309,0.151513142,-0.1563245,0.035621475,-0.2204881,0.14451565,0.132718816,-0.601461709,-0.619143248,0.012135878,-0.026690185,-0.077485055,0.702696621,0.182347536,-0.06743665,-0.017543368
1L57,A,D,116,N,Reverse,5.7,66,116,-0.6,-0.11357878,0.363856437,-0.13290694,-0.002095911,-0.51513076,0.50584775,-0.282572687,-0.789013326,-1.156295896,-0.523954272,0.176180527,0.432845116,0.668108106,1.022950411,0.431220055,-0.025885537
1L44,A,E,119,R,Reverse,5.3,67,119,0,-0.082489527,0.299108387,0.23903573,-0.36278418,0.30872658,-0.50555074,0.547827482,0.321015358,0.592893541,-0.045980394,0.127878532,-0.522024453,-0.246291339,-1.321884632,-0.271465331,-0.166083977
1L38,A,E,123,Q,Reverse,6.5,65,123,-0.4,-0.502714101,-0.120542434,0.2101878,-0.32406646,0.056240775,-0.083618596,0.109729245,-0.221224517,0.220977172,0.044666819,0.127056003,0.040502816,0.20370692,-0.517495334,0.016936749,-0.161745235
1L22,A,G,124,K,Reverse,6.5,42,124,0.1,-0.706514275,-0.648092459,-0.38886312,0.39099368,-0.57511896,0.59672534,-0.567361414,-0.781072915,-1.143264413,-0.161229551,-0.222666308,0.594775915,1.029352069,1.072595477,0.06971442,0.217189938
1L33,A,A,131,V,Reverse,2,41,131,-0.3,-0.588935636,-0.466444101,-0.015322755,-0.039049733,0.13378432,-0.20430398,0.022886194,-0.147057131,0.300434798,0.156755581,0.335902929,-0.052252915,-0.177130491,0.10350766,-0.431660265,-0.463979721
1DYA,A,D,131,V,Reverse,3,53,131,-0.1,-0.525667487,-0.402478058,0.24664661,-0.42892447,0.030111339,0.045554794,0.101707041,0.212659761,-0.122229286,0.129560679,-0.171141878,-0.089044422,-0.34548831,0.517527401,-0.053895265,0.198671505
1DYB,A,G,131,V,Reverse,3,53,131,0.7,-0.263480724,0.062966319,-0.49687713,0.42035514,-0.5279486,0.48215503,-0.542400181,-0.715091109,-0.292845756,-0.638354897,-0.451051593,0.483663797,0.543734312,0.30011636,0.650716305,0.432546258
1DYC,A,I,131,V,Reverse,3,53,131,-0.2,-0.351864236,-0.125381747,-0.090010904,-0.107466444,-0.35764226,0.41391724,-0.339701355,-0.319878012,-0.41906321,-0.407954007,-0.301615,0.387967259,0.238695323,0.443392545,0.684217036,0.315312922
1DYD,A,L,131,V,Reverse,3,53,131,-0.1,-0.336583668,-0.24946684,-0.007821037,-0.103885785,-0.6134491,0.5859871,-0.437932402,-0.388851702,-1.20915699,-0.508870542,-0.522436082,0.388065994,0.357189626,1.069724202,0.551699519,0.563258886
1DYE,A,S,131,V,Reverse,3,53,131,0.1,-0.361884038,-0.042293557,0.3906788,-0.38871944,0.1919584,-0.31870133,0.319986731,0.121682376,0.418946892,-0.036360085,0.135532081,-0.42487818,-0.341378629,-0.46618095,-0.206065506,-0.154998302
1DYF,A,M,131,V,Reverse,3,53,131,-0.1,-0.386238326,0.109656196,0.17971191,-0.3156201,0.17995405,-0.15429582,0.256530762,0.189996123,-0.014655756,0.23372072,0.234179392,-0.184262902,-0.332763284,0.059016526,-0.104699597,-0.208770335
1DYG,A,E,131,V,Reverse,3,53,131,-0.2,-0.615058113,-0.398817912,0.4044637,-0.5749886,0.27142408,-0.22051671,0.277076989,0.242042243,0.605952919,0.156536102,0.075509965,-0.352644652,-0.44185549,0.208786666,-0.376172632,-0.140698642
1L69,A,A,133,L,Reverse,2,41,133,4.2,0.279132827,1.151047954,-2.2519634,2.1675792,-3.3573315,3.3330092,-3.341642141,-2.482086897,-3.526173353,-3.541918278,-3.894833088,3.185663462,2.31664753,3.682569265,3.625386238,3.854781151
1L45,A,E,135,K,Reverse,5.3,67,135,1,-0.259059619,0.33765449,-0.11447201,0.04197451,-0.47826105,0.5048795,-0.217873931,-0.459461987,-0.659887254,-0.328575224,-0.725503623,0.206553981,0.239388213,0.932941675,0.342867464,0.802644789
1L20,A,D,144,N,Reverse,5.4,70,144,-0.4,-0.327174964,0.24610559,0.15196776,-0.21541984,-0.26726308,0.26180363,-0.311217666,-0.409962296,-0.585403919,-0.057207286,0.027475297,0.491759241,0.68444711,0.268591225,-0.048715159,-0.087064669
1L46,A,E,147,K,Reverse,5.3,67,147,0.7,-0.020787067,-0.027768677,-0.11284821,0.060800474,-0.07262228,0.13755353,-0.301257938,0.004471287,0.291995198,-0.089653879,-0.268666506,0.244559959,-0.133870453,0.202450022,0.015600309,0.359030545
1L53,A,C,149,V,Reverse,3,40,149,2.2,-0.179054183,0.377554437,-0.9084153,0.7794018,-0.8533987,0.825535,-1.651575565,-0.47008127,1.51067543,-1.73331368,-1.92269659,1.614376903,0.444286138,-1.647046566,1.797457099,1.918601274
1L52,A,S,152,T,Reverse,3,40,152,2.6,-0.212025976,0.787733913,-0.7623269,0.6207112,-1.4439762,1.5433037,-1.507952094,-1.237149715,-1.192082524,-1.420281887,-1.862413764,1.533909082,1.239783049,1.399113059,1.592275023,1.951440454
1L47,A,E,154,R,Reverse,5.3,67,154,1.1,-0.130559099,0.182543455,-0.4382662,0.46461955,-0.7203122,0.7989389,-0.679259956,-0.620711148,-0.641879201,-0.761084139,-0.898625195,0.649105847,0.580973983,1.364473701,0.58013761,0.820007384
1L16,A,D,156,G,Reverse,6.5,65,156,2.3,-0.485211912,0.65727469,-1.6062405,1.4618813,-2.3650727,2.4179516,-2.314451218,-1.205618382,-2.644573927,-2.79304266,-2.867677927,2.436990499,1.178919315,2.652959347,2.918190002,2.902698994
1L02,A,A,157,T,Reverse,3,54,157,0.5,-0.178557371,0.447871296,-0.3583415,0.27022946,-0.73828155,0.6371088,-0.785373211,-0.179558218,-0.865160584,-0.996177614,-0.865137041,0.681810439,0.247777909,0.781182051,0.699263692,0.775507629
1L03,A,C,157,T,Reverse,2,42,157,1.3,-0.112921323,-0.000618884,-0.5450836,0.35859832,-0.54672366,0.59852767,-0.86930567,0.109056115,0.389224887,-0.97755146,-1.385043859,0.920096219,-0.101410061,-0.300586015,1.078229189,1.396311045
1L04,A,D,157,T,Reverse,2,42,157,1.1,-0.086681645,0.427752502,-0.4752497,0.34540653,-0.8867038,0.9701606,-1.16251564,-0.496882498,-0.398508966,-1.086770773,-1.288840413,1.266138077,0.408056378,0.576643527,1.272471309,1.32749331
1L06,A,E,157,T,Reverse,3,54,157,0.8,-0.655426685,-0.215424448,0.033814978,-0.21890938,-0.7514347,0.50180244,-0.771929502,0.047529042,-0.705424488,-1.213563561,-1.113785028,0.571649253,-0.124386773,0.353500426,0.712624669,0.995624721
1L07,A,F,157,T,Reverse,2,42,157,2.4,-0.531914724,0.442092197,-0.9671575,0.87366116,-1.9093657,2.0001264,-2.094815016,-0.806088686,-1.208750367,-2.34702301,-3.09015131,2.079263926,0.864590943,1.437439203,2.614467621,3.004873753
1L08,A,G,157,T,Reverse,2,42,157,1.1,-0.262965399,0.688718859,-0.64039457,0.41846713,-0.83248633,0.8557104,-1.25388062,-0.462836742,-0.678350866,-0.695500612,-1.071863651,1.279883265,0.324563086,0.54317379,0.95966351,1.171269417
1L09,A,H,157,T,Reverse,2,42,157,2.1,0.170810044,0.383144081,-0.65231216,0.51740885,-0.94167864,0.94421685,-1.218437552,-0.348676711,-0.802685738,-0.994086146,-1.344507456,1.261134863,0.352685034,0.654758632,1.192065001,1.260441303
1L10,A,I,157,T,Reverse,3,54,157,1.5,-0.805747778,-0.157541606,-0.4310299,0.36631557,-1.1143708,1.1724616,-1.347805977,-0.399748862,-1.023009896,-1.237795353,-1.563493133,1.362543583,0.353639722,1.144207358,1.337881327,1.664036989
1L11,A,L,157,T,Reverse,3,54,157,1.7,-0.424460535,0.189782555,-0.31929678,0.29494864,-1.1575369,0.9952396,-1.324579358,-0.274357259,-1.178413033,-1.621032119,-1.389299035,1.193131924,0.235659271,0.889812112,1.326658726,1.330933928
1L12,A,N,157,T,Reverse,3,54,157,1.2,-0.523534583,0.185524605,-0.20769182,0.047990408,-0.65877306,0.63806736,-0.964151442,0.082255542,-0.287293524,-1.007398129,-1.117280364,0.849041522,0.060153931,0.365370721,0.825907826,1.089869142
1L13,A,R,157,T,Reverse,3,54,157,-0.3,-0.290847967,0.3742312,-0.65593475,0.45581108,-0.878024,0.8547761,-1.03434813,-0.391948491,-1.091691494,-0.969833136,-0.902297735,1.136849523,0.27196753,0.985538185,1.020607591,0.858918488
1L14,A,S,157,T,Reverse,2,42,157,0.7,-0.202165516,0.504676747,-0.0683135,-0.040568266,-0.517221,0.43482113,-0.626455784,0.014494911,-0.271552026,-0.804395199,-0.898196161,0.508773804,0.14806968,0.2001279,0.575719774,0.741415322
1L15,A,V,157,T,Reverse,3,54,157,1.2,-0.647119182,-0.251199817,-0.5546299,0.5209477,-1.5235837,1.523953,-1.476163268,-1.041879654,-1.637423754,-1.694005847,-1.768442512,1.406363368,1.026682615,1.5785079,1.839735985,1.768475294
1RDA,A,N,10,D,Reverse,6,50,10,-0.9,-0.334340316,-0.513673113,0.10577061,-0.18547857,0.59887,-0.52400625,0.492441267,-0.523341715,0.842819393,1.099535942,1.08289659,-0.411952913,0.537093997,-0.836002052,-0.894210041,-1.014961243
1RDB,A,Q,48,E,Reverse,6,50,48,-0.2,-0.328641818,-0.129396155,-0.34834963,0.29707155,-0.12871309,0.2039169,-0.104616657,-0.501958311,-0.042593487,0.089446336,-0.083844393,0.271633297,0.513702154,0.131095931,-0.024842866,0.127996936
3AA5,A,F,52,A,Reverse,3.2,53,52,0.5,-1.840415257,0.510331157,-0.2512065,0.2491357,-0.68463737,0.7601597,-0.556922734,-0.926325142,-0.707931936,-0.817068994,-0.414937377,0.726299345,0.979121208,0.715774953,0.914684951,0.4649176
3AA2,A,I,52,A,Reverse,3.2,53,52,-1.9,-1.703681324,-0.921231778,1.1251321,-1.2217432,1.2526941,-1.3924364,1.471665144,-0.576054394,1.457923174,1.933147788,1.97678709,-1.61524415,0.335458636,-1.487851739,-2.156246662,-2.038295269
3AA3,A,L,52,A,Reverse,3.2,53,52,-1.3,-1.762136655,-0.603131565,-0.1668007,0.12913752,0.26923928,-0.23869725,0.367441058,-1.386455059,0.913954914,0.609150052,0.842104256,-0.151290685,1.545443058,-0.92615211,-0.763395071,-0.898086905
3AA4,A,V,52,A,Reverse,3.2,53,52,-1.7,-1.554088563,-0.860048366,1.1881874,-1.2190616,0.8910144,-0.9824543,1.428725839,-0.52664566,1.27776289,0.987493634,1.287736177,-1.501053452,0.367587924,-1.278927445,-1.15689528,-1.342981935
1RBS,A,A,62,H,Reverse,5.5,25,62,-0.4,-0.061525646,-0.21203034,0.23805442,-0.38620356,0.56292933,-0.5208403,0.244709268,0.838300347,0.321273476,0.834672511,0.575691164,-0.123693034,-0.956200778,-0.253740311,-0.660566032,-0.609998882
1RBR,A,P,62,H,Reverse,5.5,25,62,-1.1,-0.150760007,-0.27772381,1.1444981,-1.241685,1.8279114,-1.8163898,1.326980829,1.809836864,2.501755953,1.754025936,1.746956229,-1.252165675,-1.936916828,-2.205136538,-1.609663606,-2.078065872
1RDC,A,N,70,D,Reverse,6,50,70,-0.9,-0.306622289,0.326638624,-0.08154507,0.039927192,0.20376436,-0.11806695,0.482296139,-0.842372537,0.550422847,0.403195202,0.425279438,-0.244048774,0.796754241,-0.49870792,-0.289304823,-0.355029583
1LAV,A,L,74,V,Reverse,5.5,53,74,-1,-0.411543606,0.159490722,0.5447689,-0.5241419,1.1194475,-1.1199281,1.128480196,1.17073822,1.022243023,1.138466358,1.137309313,-1.139958262,-1.163826704,-1.013480544,-1.088287354,-1.194085121
1LAW,A,I,74,V,Reverse,5.5,53,74,-0.6,-0.526774332,0.455295774,0.04176102,-0.12434969,0.19125107,-0.16191871,0.210150421,-0.260728747,0.356002063,0.204802871,0.446030915,-0.124990866,0.215701461,-0.267510176,-0.327641606,-0.305152178
1GOB,A,A,77,G,Reverse,3,50,77,0.9,-0.973376154,-0.243797836,-0.9016801,0.8708471,-0.9159805,0.95513994,-0.838397682,-1.357364655,-0.926568508,-0.647653818,-0.809918761,0.821849108,1.425152779,0.973553002,0.790437579,0.764711022
1RBV,A,A,95,K,Reverse,5.5,52,95,-0.1,-0.057363163,0.21488135,-0.11479749,0.21692476,-0.22939105,0.18640344,0.148004562,-1.057243109,-0.143809915,-0.062649369,-0.03125754,-0.134045675,0.995213568,0.138582483,-0.061208546,-0.006521221
1RBT,A,G,95,K,Reverse,5.5,52,95,-1.9,-0.252147127,-0.469975093,0.69514096,-0.86309355,0.9003619,-0.9943458,1.156764984,-0.709792435,1.379778981,1.169165611,1.50589633,-1.262454987,0.502841234,-1.403014064,-1.273709655,-1.53538835
1RBU,A,N,95,K,Reverse,5.5,52,95,-0.9,-0.144433276,-0.161587366,0.57261777,-0.5528084,0.76248026,-0.77060187,0.768708587,-0.075069413,0.913072944,1.081899405,1.123791456,-0.705823183,0.109725684,-0.866883039,-1.240656257,-1.149368882
1KVA,A,A,134,D,Reverse,5.5,50,134,-2.1,-0.169326911,0.420780073,0.0913946,-0.17423087,1.2875631,-1.2106786,1.398180604,0.51521337,1.416068196,1.523207664,1.585144043,-1.295633316,-0.560659528,-1.350073576,-1.390295267,-1.456731081
1KVB,A,H,134,D,Reverse,5.5,50,134,-2.3,-0.574225345,0.308191565,0.0997456,-0.12577179,0.6999156,-0.5997101,0.898641825,-0.200921476,1.220893025,0.691430509,0.889531553,-0.892784476,0.285469443,-1.183111072,-0.442162901,-0.765961409
1KVC,A,N,134,D,Reverse,5.5,50,134,-1,-0.299615363,-0.346354326,0.016346917,-0.12722737,0.5431589,-0.45757207,0.747683108,-0.164001316,0.560861766,0.874500632,0.69675082,-0.555724978,0.187240243,-0.471668363,-0.802901328,-0.644805074
1IOS,A,F,12,M,Reverse,5.5,35,12,-0.5,-0.88866586,0.179634168,0.21116583,-0.24215376,0.34983927,-0.3555804,0.268957317,0.416211098,0.407871753,0.352310538,0.303844869,-0.387136579,-0.433310926,-0.349421054,-0.248200268,-0.359833956
1IOT,A,L,12,M,Reverse,5.5,35,12,0.4,-0.779992941,-0.109529054,0.7228488,-0.69084424,0.31499213,-0.19183429,0.7963202,0.890767992,-0.419873774,0.322091967,-0.014343534,-0.63404578,-0.812161446,0.503072619,-0.108763985,0.092729002
1HER,A,S,40,T,Reverse,6.4,74,40,0.3,0.129848406,0.815988999,-0.9143217,0.9024866,-0.886855,0.9581482,-1.320741773,-1.291118622,-0.452605098,-0.912821293,-0.456987977,1.408284307,1.23419714,0.482455075,1.112097383,0.553707242
1FN5,A,A,49,G,Reverse,2.7,25,49,0.7,-0.947315886,0.789984475,-0.7016764,0.7169978,-0.8223602,0.90679777,0.146607786,-0.212450147,-1.562406301,-1.041790605,-1.441759706,-0.021053273,0.2874749,1.602738738,1.216391325,1.448437214
1HEO,A,V,55,I,Reverse,6.4,74,55,0.9,-0.443470806,0.932610271,-0.6593972,0.64636874,-0.8193016,0.8893118,-0.674078166,-0.6780141,-1.044699788,-0.574698627,-1.125019193,0.786762774,0.621595442,1.088780642,0.763565361,1.185856342
1IR8,A,M,58,I,Reverse,5.5,35,58,1.2,-0.317110065,0.739213976,-1.2687849,1.2260273,-1.3494802,1.3936465,-1.663427114,-1.297559023,-1.420565605,-1.176878333,-1.188971519,1.75817728,1.269164801,1.519384027,1.26292634,1.158581257
1FLU,A,A,67,G,Reverse,2.7,25,67,0.5,-0.935573276,0.607336329,-0.5312919,0.5324051,-0.6580191,0.7557958,-1.006148696,-0.092328146,-0.845253766,-0.717074692,-0.629290462,1.29801023,0.214184791,0.845737875,0.831795156,0.589252889
1FLW,A,A,71,G,Reverse,2.7,25,71,2.1,-0.816173326,0.13401353,-0.28734085,0.2316843,-0.31761318,0.38528293,-0.553731918,-0.103129745,-0.398076057,-0.224665359,-0.30846256,0.740750968,0.02350447,0.545378387,0.362918198,0.253862798
1IR7,A,M,78,I,Reverse,5.5,35,78,0.9,-0.267675232,0.604957564,-0.9869033,0.8869392,-0.7267012,0.7993643,-0.858729362,-0.723270833,-0.543493032,-0.718686938,-0.78932488,0.997968674,0.633740902,0.629448056,0.850999594,0.884663761
1LSN,A,A,91,S,Reverse,6.4,74,91,0.2,-0.537114822,-0.008904232,-0.438299,0.38765916,-0.43091512,0.50738746,-1.037909985,-0.713565826,-0.112015732,-0.067438737,-0.223642603,1.168411255,0.637340903,0.118006863,0.312026024,0.301153362
1HEM,A,T,91,S,Reverse,6.4,74,91,-1,-0.409715771,0.259938923,0.050169818,-0.005130713,-0.014334237,0.06575166,-0.344923735,-0.587669075,0.52504015,-0.207212776,0.543094397,0.513550162,0.502503514,-0.568215728,0.420162588,-0.539240777
1IR9,A,M,98,I,Reverse,5.5,35,98,0.9,-0.322423011,1.05260544,-0.86852187,0.83001053,-0.6408496,0.75449145,-1.508188963,-0.222963452,-0.803159773,-0.077377342,-0.592559695,1.694118381,0.312369525,0.909617186,0.259026468,0.597323895
1FLY,A,A,102,G,Reverse,2.7,25,102,1.2,-0.812733888,-0.273730984,0.15467238,-0.1859085,0.48895532,-0.39328426,0.674970686,0.888230801,0.114458106,0.388792306,0.378324389,-0.544254184,-0.890861869,-0.06458775,-0.134666204,-0.33205086
1FLQ,A,A,117,G,Reverse,2.7,25,117,0.8,-1.028351399,0.614013211,-1.0893382,1.0280733,-1.2596794,1.3173492,-1.185052156,-1.209716082,-1.485608459,-1.139717817,-1.278301001,1.265757918,1.114655018,1.464334726,1.406597018,1.335401773
1BTI,A,A,22,F,Reverse,2,25,22,1.2,0.354654961,1.255268006,-2.7325249,4.951857,-2.469269,2.3629677,-1.567584872,-6.57783556,-1.41240406,-1.407919288,-1.380603671,1.415825367,6.934026718,1.35460186,0.838815868,1.271570683
1BPT,A,A,23,Y,Reverse,2,25,23,5.9,0.063659405,1.431625245,-4.8761735,4.543744,-3.5984566,3.3350906,-3.077357292,-5.368433952,-2.073498964,-3.522733212,-3.950261831,3.426520586,4.602907658,1.530625701,3.210223198,3.905182362
8PTI,A,G,35,Y,Reverse,2,25,35,5,0.160765911,1.769711429,-3.9062686,4.0963097,-4.2034836,4.1479826,-4.672978401,-1.606853485,-5.103963852,-4.761106968,-4.872514248,4.464930534,2.090380669,5.046286106,4.374164581,4.764151096
1NAG,A,G,43,N,Reverse,2,25,43,5.7,-0.031611067,0.879385848,-1.9292285,2.1011677,-1.1972468,1.176589,-1.845421195,-0.493699014,-1.443761587,-0.679554999,-1.523799062,1.933852792,0.737232745,1.16656971,0.582308948,1.462979198
1FAN,A,A,45,F,Reverse,2,25,45,6.9,0.422039893,1.567646931,-3.995771,3.9452934,-4.410328,4.475618,-4.086201668,-3.781865835,-4.078791618,-4.752466202,-5.352315903,3.981645584,4.018549919,4.376577377,4.702510834,5.298802853
