PDBID,CHAIN,WILD_RES,Position,SEQ Position,DDG,MUTANT_RES,Condition T,Condition pH,G (kcal/mol) positive is stable,Wild Type,Mutant,PubMed,SolventAcc,Volume Change,THPLM_dir,THPLM_rev,THPLME_dir,THPLME_rev,Fold1_dir,Fold2_dir,Fold3_dir,Fold4_dir,Fold5_dir,Fold1_rev,Fold2_rev,Fold3_rev,Fold4_rev,Fold5_rev,MU3DSP_S5296_dir,MU3DSP_S5296_inv
1AMQ,A,C,191,180,-2.3,Y,25,7.5,-2.3,CYS,TYR,10708649,4.4,106.6,-0.37003854,0.37605426,-0.816951,0.8856279,-0.502474308,-0.816453159,-0.960597157,-0.78979522,-1.015435457,0.588807762,0.739094794,0.962032616,0.992108941,1.146095753,0.019535304,-0.147427738
1AMQ,A,C,191,180,-1.6,F,25,7.5,-1.6,CYS,PHE,10708649,4.4,99.2,-0.29926077,0.29972723,-0.85647935,0.9317797,-0.575980365,-0.777155578,-1.118189335,-0.881728888,-0.929343283,0.657854855,0.727752328,1.107826829,1.109738708,1.055726767,-0.118114612,0.118124884
1AMQ,A,C,191,180,-3.9,W,25,7.5,-3.9,CYS,TRP,10708649,4.4,130,-0.06458566,0.07816592,-0.68771136,0.77829695,-0.273691654,-0.452563286,-1.281569242,-0.427761644,-1.002970219,0.381128162,0.434482843,1.36980927,0.675346971,1.030718565,-0.208742233,0.19173102
1AMQ,A,C,191,180,-1.9,S,25,7.5,-1.9,CYS,SER,10708649,4.4,-7.5,-0.29166615,0.29372025,-0.56285864,0.6713889,-0.32948035,-0.635412872,-0.686524868,-0.500994384,-0.661880016,0.496145368,0.583868444,0.781887591,0.70799458,0.787049294,-0.445499132,0.435846178
1BNI,A,F,7,7,-4.1,L,25,6.2,-4.1,PHE,LEU,3386721,11.6,-33.7,0.10319488,0.093999505,-1.2947975,1.4067303,-0.980153739,-0.961833179,-3.42178154,-0.928182602,-0.182037011,1.049701095,1.101633072,3.032408714,1.193688035,0.656220794,-0.479592913,0.481587202
1BNI,A,L,14,14,-4.5,A,25,6.3,-4.5,LEU,ALA,1569557,0,-80,-1.9117733,1.9777815,-3.2544608,3.230719,-3.486362696,-3.571441889,-4.395821095,-3.460025311,-1.358653069,3.544675589,3.640770674,4.419043541,3.451232433,1.097872972,-1.631972416,1.411819249
1BNI,A,T,26,26,-1.7,A,25,6.3,-1.7,THR,ALA,1569557,21.1,-41,-0.94292945,0.79542786,-1.3828609,1.4363334,-1.599322438,-1.552637815,-2.114125729,-1.383079529,-0.265137285,1.69163835,1.500146866,2.137006521,1.511309505,0.341566384,-0.626829414,0.529175535
1BNI,A,I,51,51,-1.1,V,25,6.3,-1.1,ILE,VAL,1569557,0,-20.4,-0.6333548,0.5777564,-1.1219145,1.2034403,-1.398751616,-1.400594473,-1.59395647,-1.167997837,-0.048272345,1.512492299,1.398594379,1.598106503,1.382342815,0.125665933,-0.566361125,0.544829217
1BNI,A,I,76,76,-1.7,A,25,6.3,-1.7,ILE,ALA,1569557,0,-72.6,-2.0009363,1.9649227,-1.9957489,1.9684055,-2.09422946,-2.090445995,-2.07972455,-1.923517227,-1.790828705,2.20058465,2.035324574,2.078398943,1.896073818,1.631642938,-1.624789826,1.382779558
1BNI,A,I,76,76,-1,V,25,6.3,-1,ILE,VAL,1569557,0,-20.4,-0.29096016,0.32479808,-0.12011409,0.20331363,-0.016872652,-0.198740721,-0.440282315,0.01117833,0.044147909,0.165790394,0.134648398,0.446817487,0.181709707,0.087601662,-0.082589213,0.082761551
1BNI,A,Y,78,78,-1.1,F,25,6.3,-1.1,TYR,PHE,1569557,3.5,-7.4,-0.46310964,0.36416194,-0.6663126,0.72411555,-0.679300308,-0.905800283,-1.068510413,-0.778561175,0.100609064,0.680706918,0.925590158,1.113390207,0.973214149,-0.072323546,-0.472295112,0.402432091
1BNI,A,I,88,88,-4,A,25,6.3,-4,ILE,ALA,1569557,0,-72.6,-2.795428,2.815553,-3.7988007,3.853763,-3.336177349,-3.769432306,-3.990964413,-3.959121227,-3.938306332,3.561400652,3.793640375,4.047703743,4.089864254,3.776204109,-1.604279353,1.329323692
1BNI,A,I,88,88,-1.6,V,25,6.3,-1.6,ILE,VAL,1569557,0,-20.4,-0.6207774,0.6560218,-1.1503828,1.2807727,-0.714242876,-1.141641855,-1.423606038,-0.983908057,-1.488514543,0.90965122,1.106315613,1.530147433,1.245455265,1.612295032,-0.616165276,0.47076067
1BNI,A,L,89,89,-0.5,V,25,6.3,-0.5,LEU,VAL,1569557,0,-27.7,0.096463986,0.033958495,-0.28600678,0.29661193,0.037520818,-0.159259796,-0.150034934,-0.001630872,-1.156628609,0.156230718,-0.044924438,0.195759729,0.104738817,1.071253777,0.064998226,-0.430811153
1BNI,A,S,91,91,-2.4,A,25,6.3,-2.4,SER,ALA,1569557,1.6,-6.9,-0.86723405,0.6857141,-1.3131107,1.2864975,-1.240642905,-1.563742399,-1.821722984,-1.538464069,-0.400980592,1.37772429,1.458077431,1.809140563,1.546669602,0.240875795,-0.59814567,0.499557882
1BNI,A,I,96,96,-3.2,A,25,6.3,-3.2,ILE,ALA,1569557,0,-72.6,-1.9674648,1.8399723,-2.384828,2.3522806,-2.392640114,-2.6146245,-3.112965584,-2.773206711,-1.030705929,2.484502077,2.510858059,3.152439594,2.760419369,0.853183448,-1.481719407,1.237306696
1BNI,A,I,96,96,-3.1,V,25,6.3,-3.1,ILE,VAL,1569557,0,-20.4,-0.59931314,0.53655326,-0.5737875,0.6643012,-0.602654994,-0.69963336,-0.761320949,-0.724011123,-0.081315644,0.761472523,0.665135205,0.809634268,0.948391438,0.136872664,-0.330286736,0.342410896
1CEY,A,D,12,11,2.5,A,25,7,2.5,ASP,ALA,11023787,6.5,-41,0.1923992,-0.32664976,1.054601,-1.2029518,1.307453275,1.296231031,2.038944483,-1.305305839,1.935680866,-1.346133351,-1.388914824,-2.228815794,1.149765372,-2.200660706,0.329429609,-0.307137717
1CEY,A,D,13,12,2.7,A,25,7,2.7,ASP,ALA,11023787,37.2,-41,0.49131098,-0.64457214,1.5331392,-1.6219633,1.981888413,1.595277548,2.290061951,-0.587009966,2.385481119,-1.868215799,-1.895668268,-2.172947168,0.267973065,-2.440955162,0.329429609,-0.345895586
1CEY,A,D,57,56,3.3,A,25,7,3.3,ASP,ALA,11023787,8.3,-41,0.115529,0.08365393,1.5339464,-1.5256819,1.608513713,1.505891323,3.07612133,-1.325180292,2.804386854,-1.5117414,-1.603411436,-3.02742815,1.40907383,-2.894903183,0.540835351,-0.301259382
1EY0,A,T,22,22,-0.9,C,20,7,-0.9,THR,CYS,7577991,6.4,-26.5,-0.9915576,0.9930234,-0.85715437,0.9596179,-0.423468232,-1.053467751,-1.015587926,-0.992896199,-0.800351918,0.63670826,1.008182883,1.076990366,1.174422145,0.901786208,-0.531493609,0.607400275
1EY0,A,T,22,22,-0.9,V,20,7,-0.9,THR,VAL,7577991,6.4,11.3,-0.92714834,0.82914746,-0.7794515,0.7768346,-0.714538693,-0.873914182,-0.923904538,-0.547402978,-0.837496519,0.87349695,0.761588156,0.864746928,0.618210018,0.766131163,-0.543190494,0.64900665
1EY0,A,V,23,23,-0.1,L,20,7,-0.1,VAL,LEU,11705391,0.7,27.7,0.07123054,-0.09050153,0.13637893,-0.054733146,0.548291385,0.230108574,-0.237591386,0.222703218,-0.081617698,-0.38271457,-0.260326415,0.311091453,-0.071705818,0.129989192,0.276071066,-0.211182451
1EY0,A,L,25,25,-1.7,I,20,7,-1.7,LEU,ILE,11705391,0.2,-7.3,0.02379695,0.009335815,-0.46959466,0.5571926,0.519727528,-0.362924993,-1.181926727,-0.516087174,-0.806761026,-0.349286467,0.331195205,1.232453823,0.65996778,0.911632597,-0.10158414,-0.123003759
1EY0,A,T,33,33,0.4,V,20,7,0.4,THR,VAL,7577991,24.2,11.3,-0.17887203,0.07694449,0.38646093,-0.32305953,0.182276472,0.279359639,0.450802356,0.485373139,0.534491599,0.005445249,-0.278424144,-0.425118417,-0.398526996,-0.518672109,-0.09703813,0.09274917
1EY0,A,T,41,41,0.6,C,20,7,0.6,THR,CYS,7577991,4.8,-26.5,-0.4296226,0.4582047,-0.069788024,0.13825746,-0.293533385,-0.280734658,0.322137624,-0.065056026,-0.031752966,0.448332042,0.2652044,-0.299109846,0.231650651,0.045209214,-0.054005479,-0.067067181
1EY0,A,T,41,41,0.7,I,20,7,0.7,THR,ILE,11023780,4.8,31.6,-0.2183421,0.13765535,0.66841465,-0.619243,0.187136203,0.780137479,0.723565578,0.702226698,0.949007869,-0.149359182,-0.79172641,-0.730935931,-0.562173069,-0.862018883,-0.553878512,0.573212404
1EY0,A,T,41,41,-1.1,S,20,7,-1.1,THR,SER,7577991,4.8,-34,-0.44527715,0.37762603,-0.55473214,0.6392559,-0.675157249,-0.593519151,-0.8083691,-0.133319229,-0.563296497,1.007160306,0.590177596,0.803576231,0.261813283,0.533554316,-0.800447593,0.8225402
1EY0,A,T,41,41,0.8,V,20,7,0.8,THR,VAL,7577991,4.8,11.3,-0.30591935,0.21405098,0.38281733,-0.35042724,-0.535947084,0.559388816,0.690034032,0.488997459,0.711612165,0.549440801,-0.587716818,-0.628275335,-0.420196712,-0.66538626,-0.610653798,0.826013077
1EY0,A,T,44,44,0.1,V,20,7,0.1,THR,VAL,7577991,24.9,11.3,-0.29592857,0.24645552,-0.10271846,0.10384631,-0.306272328,-0.244276613,-0.006569652,0.02159486,0.021930829,0.221106872,0.154794157,-0.006736206,0.213019177,-0.062952623,-0.114300637,0.117662734
1EY0,A,S,59,59,0.5,A,20,7,0.5,SER,ALA,11023780,19,-6.9,-0.020214763,-0.023009501,0.08378805,0.005175075,-0.282732397,-0.067423478,0.265995651,0.166601494,0.336499095,0.40262261,-0.007065147,-0.171533659,0.042780936,-0.240928501,0.004305772,-0.003018257
1EY0,A,T,62,62,-2.1,S,20,7,-2.1,THR,SER,7577991,0.5,-34,-1.8843416,1.8286244,-2.102818,2.1735787,-1.959869981,-2.181574345,-2.178991795,-2.212879181,-1.980774164,2.005930662,2.195005178,2.181818008,2.332509041,2.152631283,-0.815060134,1.052957491
1EY0,A,T,62,62,-0.2,V,20,7,-0.2,THR,VAL,7577991,0.5,11.3,-0.24223752,0.15337452,-0.19889948,0.24738124,0.561593235,-0.57965523,-0.280894488,-0.342520565,-0.353021502,-0.38121599,0.491039366,0.336678773,0.413923562,0.376480401,0.180710363,-0.641330819
1EY0,A,V,66,66,-1,I,20,7,-1,VAL,ILE,11705391,2.2,20.4,0.47921473,-0.5348863,0.10517441,-0.045548223,0.579873264,0.260929942,-0.429027408,0.234956026,-0.120860144,-0.462488413,-0.304521024,0.451135248,-0.115851857,0.203984752,0.274133958,-0.257519179
1EY0,A,V,66,66,-0.3,L,20,7,-0.3,VAL,LEU,11705391,2.2,27.7,0.18730463,-0.32695162,-0.09646903,0.15755026,0.172290817,-0.40625,0.006715406,-0.262402952,0.007301927,0.002049901,0.411669999,0.062091649,0.289611399,0.022328414,0.41527211,-0.271658292
1EY0,A,V,66,66,-7.5,K,20,7,-7.5,VAL,LYS,1920420,2.2,27.7,-0.44483417,0.3816752,-2.398098,2.439138,-0.054873545,-1.991933823,-4.141276836,-2.590476036,-3.211932182,0.058652405,2.105678558,4.106914043,2.753222942,3.171221733,-1.497924996,1.503256859
1EY0,A,I,72,72,-0.2,L,20,7,-0.2,ILE,LEU,11705391,7.7,7.3,-1.1209694,1.0677662,-0.78912556,0.7906378,-0.831778467,-0.982416332,-0.494245023,-0.757072091,-0.880116165,0.869762063,0.83965832,0.566977799,0.827594876,0.849196613,-0.300432173,0.320754461
1EY0,A,I,72,72,-1.2,V,20,7,-1.2,ILE,VAL,11705391,7.7,-20.4,-0.89613515,0.8980076,-1.1932421,1.2860858,-1.19046998,-1.160608053,-1.332906246,-1.070646286,-1.211582065,1.303530693,1.126583338,1.504343271,1.186747789,1.309223056,0.057511298,-0.606964482
1EY0,A,T,82,82,-0.7,S,20,7,-0.7,THR,SER,7577991,52.6,-34,-0.6746414,0.6164528,-0.88069516,0.87330437,-0.742455065,-0.950787246,-1.033229589,-0.790167093,-0.88683641,0.801362216,0.830682516,0.962801993,0.895407438,0.876266301,-0.465259119,0.470691365
1EY0,A,I,92,92,-0.4,V,20,7,-0.4,ILE,VAL,11705391,0.5,-20.4,-0.7597394,0.7918953,-1.1326535,1.1985687,-1.158177495,-1.30097723,-0.938894808,-1.177200437,-1.088017106,1.309943557,1.215978861,0.992277622,1.311534047,1.163108826,0.206543282,-0.043773453
1EY0,A,K,116,116,1,G,20,7,1,LYS,GLY,8639591,73,-102.2,-0.51081884,0.8288458,0.17009522,-0.102625325,-1.117094636,-0.100753129,0.801720142,0.45950681,0.807098329,0.980303824,-0.0118398,-0.425413102,-0.372590184,-0.68358767,-0.511992215,-0.47581454
1EY0,A,P,117,117,0.8,A,20,7,0.8,PRO,ALA,1610820,39.8,-41,-0.86568964,0.7427063,-1.2513782,1.0075632,-1.290986061,-1.508237362,-1.186356902,-1.161872745,-1.10943377,1.150639176,1.474344015,0.533207476,1.222298861,0.657325745,-0.500900394,0.303754153
1EY0,A,P,117,117,0.9,G,20,7,0.9,PRO,GLY,1610820,39.8,-63.2,-1.5432074,1.5326419,-2.0508642,1.966898,-2.112238169,-2.158440113,-1.654641271,-2.257981777,-2.071018696,1.812954187,2.373483896,0.856888652,2.644463062,2.146699667,-0.244830018,0.196145219
1EY0,A,P,117,117,1.1,T,0,7,1.1,PRO,THR,8448112,39.8,0,-1.0864749,1.0116692,-1.6729918,1.4812679,-1.214504123,-1.591159105,-1.458895087,-2.027897358,-2.072505713,1.104835868,1.73821187,0.949965179,2.10173893,1.511587858,-0.333557053,0.463196314
1EY0,A,T,120,120,-1.7,C,20,7,-1.7,THR,CYS,7577991,38.8,-26.5,-0.8805798,0.7841734,-1.0418018,1.1064348,-0.207922637,-0.999747813,-1.488305807,-1.028896451,-1.484135509,0.314528555,1.004691601,1.475618243,1.195146561,1.542188764,-0.50461445,-0.14845256
1EY0,A,T,120,120,-0.6,S,20,7,-0.6,THR,SER,7577991,38.8,-34,-0.36837462,0.31911287,-0.47290134,0.553356,-0.150087282,-0.828739107,-0.463279933,-0.472209185,-0.450192153,0.342236042,0.805867195,0.483783573,0.644659042,0.490234554,-0.15680294,0.369932853
1EY0,A,T,120,120,-1.8,V,20,7,-1.8,THR,VAL,7577991,38.8,11.3,-0.29290816,0.23003975,-0.8867935,0.9272388,0.193629295,-0.753421724,-1.588791966,-0.959005833,-1.326377869,-0.080953911,0.71684289,1.594541311,1.061907768,1.343855143,-0.150383111,0.129084181
1EY0,A,S,128,128,0.7,A,20,7,0.7,SER,ALA,11023780,7.6,-6.9,0.32099536,-0.2587411,0.72166246,-0.63857734,0.287562221,0.749275565,0.599241614,1.037431717,0.934801161,-0.135571748,-0.852004945,-0.517531693,-0.822051883,-0.865726352,0.676827913,-0.725434368
1IHB,A,F,71,71,0.7,N,23,7.5,0.7,PHE,ASN,12370184,17,-67.7,-0.10070513,-0.1296254,-0.114676654,0.112577416,-0.075670272,0.317426383,0.39105916,-1.520659328,0.314464211,0.205631167,-0.309960306,-0.099932812,1.003115892,-0.235965744,0.052793428,-0.120442602
1IHB,A,F,82,82,-0.4,Q,23,7.5,-0.4,PHE,GLN,12370184,35,-45.8,-0.5448164,0.59475225,-0.7481049,0.7464237,-0.355770946,-0.648666978,-0.496352285,-1.762588739,-0.477145076,0.485292941,0.523526907,0.406833678,1.918818355,0.397646189,-0.122354913,0.09650191
1IHB,A,F,92,92,-1.1,N,23,7.5,-1.1,PHE,ASN,12370184,25.5,-67.7,-1.0003152,0.70585394,-0.732093,0.82676494,-0.500667334,-0.605523646,-0.693478644,-0.996919155,-0.863875866,0.54666692,0.585696876,1.0000875,1.18119812,0.820174634,0.033062334,-0.085496691
1IOB,A,T,9,9,-2.6,G,25,6.5,-2.6,THR,GLY,8394358,3.8,-63.2,-1.4926778,1.378334,-2.018281,2.1024082,-2.136761665,-1.347274065,-1.567979574,-2.325303078,-2.714086056,2.30131793,1.284831524,1.630008459,2.514791012,2.781091213,-1.103829034,1.282430337
1L63,A,M,6,6,-1.9,A,44,3,-1.9,MET,ALA,9514271,0,-73.8,-1.3643011,1.2465615,-2.3147333,2.296048,-2.710828781,-2.145998955,-2.27965498,-2.046497822,-2.390683174,2.563718796,2.227353096,2.135345459,2.302092552,2.251730919,-1.152492076,1.059502207
1L63,A,M,6,6,-2.8,L,44,3,-2.8,MET,LEU,9541409,0,6.1,-0.5498374,0.48841196,-1.628638,1.6831675,-1.318601489,-1.66437912,-1.788161993,-1.686168313,-1.685877562,1.457082629,1.560699701,1.810582399,1.900545239,1.686926723,0.11677223,-0.093425999
1L63,A,E,11,11,0.1,H,65,5.4,0.1,GLU,HIS,26325080,23.4,5.9,-0.11468725,0.06926668,0.5067175,-0.42160225,0.58043474,0.694459021,0.217932448,0.783482671,0.257279515,-0.502466023,-0.743196785,-0.000719374,-0.689343274,-0.17228508,-0.646266559,0.494470607
1L63,A,E,11,11,-0.1,N,65,5.4,-0.1,GLU,ASN,26325080,23.4,-21.9,-0.6816857,0.59962636,-0.28636733,0.21516562,-0.037240911,-0.336362839,-0.61419028,-0.146245822,-0.297795832,-0.063715428,0.349120945,0.329304129,0.259299695,0.20181793,-0.618204915,0.594124785
1L63,A,I,17,17,-2.7,A,44,3,-2.7,ILE,ALA,9514271,9.7,-72.6,-1.5045468,1.5087866,-1.9614305,2.0044935,-1.70341146,-1.62076664,-2.743761539,-1.759317279,-1.979893684,1.634698749,1.799655676,3.175465345,1.456636548,1.956011295,0.217098249,-0.287094512
1L63,A,D,20,20,-0.3,A,65,5.4,-0.3,ASP,ALA,26325080,31.5,-41,-0.9146234,0.88197994,-0.7479967,0.84033024,-1.376108527,-0.766182661,-0.857587099,-0.724292696,-0.01581084,1.427551866,0.769490063,0.702486575,1.025448799,0.276673138,-0.313168499,0.361820864
1L63,A,D,20,20,1.3,N,65,5.4,1.3,ASP,ASN,26325080,31.5,5,-0.6253773,0.5080682,-1.2523845,1.3608067,-1.169686794,-1.044819355,-1.805354953,-0.888318777,-1.353741407,1.264788032,1.051909089,1.624480724,1.153571367,1.709283471,-0.322564307,0.367089188
1L63,A,D,20,20,0.7,S,65,5.4,0.7,ASP,SER,26325080,31.5,-34,-0.645921,0.5942013,-0.93009424,1.0362818,-1.275690794,-0.893136442,-1.31935823,-0.550247669,-0.61203748,1.40620029,0.940548301,1.20975554,0.756534815,0.868371725,-0.322564307,0.547962628
1L63,A,I,27,27,-3.1,A,44,3,-3.1,ILE,ALA,9514271,0,-72.6,-2.0812674,2.0968442,-2.2387223,2.3672926,-2.687227249,-2.403438091,-1.887687564,-2.847225189,-1.368032813,2.682635069,2.321717262,2.378182411,2.783835888,1.670090199,-1.502475816,1.368436115
1L63,A,I,27,27,-3.1,M,65,5.4,-3.1,ILE,MET,10545167,0,1.2,-0.9104487,0.8513714,-1.3766015,1.3625934,-1.39205265,-1.411850691,-1.661439061,-1.449046254,-0.968616426,1.390893102,1.26860261,1.670616508,1.440370917,1.042486668,-0.892789154,0.701248444
1L63,A,I,29,29,-2.6,A,44,3,-2.6,ILE,ALA,9514271,2.5,-72.6,-1.5231363,1.5921276,-1.7725163,1.7664595,-1.927911401,-1.33419919,-1.782891631,-1.734339476,-2.083240509,1.884451032,1.561961889,1.70752418,1.695765853,1.982592344,-1.367529009,1.331756714
1L63,A,S,38,38,0,N,62,6.7,0,SER,ASN,1911773,38.9,39.1,-0.0673155,-0.00851852,-0.38282835,0.55070037,-0.936731756,-0.62645185,0.344144076,-0.495640576,-0.199463755,0.866966784,0.700735688,0.377400011,0.339764416,0.468637466,-0.119930326,-0.192760985
1L63,A,A,41,41,-0.6,S,52,3,-0.6,ALA,SER,8218201,31.9,6.9,0.03556828,-0.18065009,-0.53427225,0.60215795,-0.558188081,-0.692318916,-0.212062389,-0.365764797,-0.843024909,0.537975371,0.684916019,0.308093876,0.611225486,0.86858052,0.100948833,-0.125372152
1L63,A,A,42,42,-2.7,V,40,3,-2.7,ALA,VAL,10623513,0,52.3,-0.88078594,0.8305092,-1.4967941,1.6435242,-1.654954433,-1.578203201,-1.279867053,-1.136827707,-1.834119439,1.702655911,1.593756676,1.56863153,1.241025805,2.11155057,-0.125449928,-0.654900064
1L63,A,A,42,42,-2.3,S,52,3,-2.3,ALA,SER,8218201,0,6.9,-0.57562,0.52681273,-0.7194446,0.79158676,-0.690325797,-0.747603297,-1.102455139,-0.014565051,-1.042271137,0.837723017,0.980474472,0.815802097,0.241442472,1.082491994,-0.394530557,0.027521824
1L63,A,K,43,43,-1,A,62,6.7,-1,LYS,ALA,1570293,19.7,-80,-0.23661394,0.17581125,-0.48778623,0.5837679,-0.829549611,-0.20723927,-0.351919711,-0.31534192,-0.734878957,0.809500277,0.578405082,0.766625226,-0.026968598,0.791279376,-0.096448534,-0.226427387
1L63,A,S,44,44,0.3,A,62,6.7,0.3,SER,ALA,1570293,57.6,-6.9,0.019250039,-0.028681401,-0.25061262,0.15656365,-0.143731549,-0.439713061,-0.494029969,-0.204919785,0.029332526,0.084415421,0.25842002,0.623841465,-0.08968854,-0.094166785,0.005369283,-0.001507782
1L63,A,S,44,44,0.3,I,52,3,0.3,SER,ILE,8289284,57.6,65.7,0.57564986,-0.63669443,0.20683463,-0.17821623,0.117831022,-0.098881215,0.899846375,0.039650112,0.075728767,-0.045838591,0.201186582,-0.859514236,-0.137040257,-0.049873453,-0.322953519,-0.780245588
1L63,A,S,44,44,0.4,L,52,3,0.4,SER,LEU,8289284,57.6,73,0.46756205,-0.41195685,-0.2912964,0.30156118,-0.352902204,-0.616351306,0.142542809,-0.378464997,-0.251306355,0.471821547,0.626682818,-0.036079593,0.218721762,0.226659879,-0.042041098,-0.490710389
1L63,A,S,44,44,0.2,K,52,3,0.2,SER,LYS,8289284,57.6,73,0.33188412,-0.41104275,-0.26190487,0.21159998,0.131460473,0.061230451,-0.673854411,-0.362428665,-0.465936184,-0.040207397,0.06530083,0.54140842,0.292762756,0.198734567,-0.215029593,-0.178091023
1L63,A,S,44,44,0,E,52,3,0,SER,GLU,8289284,57.6,60.9,0.2905645,-0.44241732,-0.32122967,0.28331262,-0.202033311,-0.398715317,0.032290019,-0.250030279,-0.787659585,0.04874317,0.492212474,0.045698199,0.417668611,0.412240446,-0.167962997,-0.229002039
1L63,A,S,44,44,-0.5,G,52,3,-0.5,SER,GLY,8289284,57.6,-29.2,-0.55308604,0.6057449,-1.2208068,1.1874504,-0.872084856,-1.287502527,-1.173370957,-1.048496127,-1.722578049,0.88393116,1.345524788,1.244098663,0.983537316,1.480159998,-0.360526542,0.015438846
1L63,A,S,44,44,0.2,R,52,3,0.2,SER,ARG,8289284,57.6,74.3,0.28724515,-0.4196748,0.09161562,-0.025471082,0.270392448,0.055604205,0.050362043,0.3258816,-0.244161099,-0.040036019,-0.088966191,0.404312581,-0.287209153,-0.115455262,-0.16572687,-0.116637202
1L63,A,S,44,44,-0.1,N,52,3,-0.1,SER,ASN,8289284,57.6,39.1,-0.034999866,-0.10781374,-0.38975966,0.4765392,-0.368041366,-0.593964338,-0.076620616,-0.555918097,-0.354252756,0.272787631,0.419172734,0.667734563,0.459622473,0.563380122,-0.124903739,-0.217431706
1L63,A,S,44,44,0.1,F,52,3,0.1,SER,PHE,8289284,57.6,106.7,0.20353362,-0.2000005,-0.27388206,0.4269235,-0.530806363,-0.687197983,0.783170283,-0.359773278,-0.574802935,0.667071164,0.753938854,-0.50416404,0.59674108,0.621030509,-0.444738715,-0.818892354
1L63,A,S,44,44,-3,P,52,3,-3,SER,PRO,8289284,57.6,34,-0.6269759,0.62780625,-1.4258832,1.5305402,-1.035728812,-1.325134039,-1.58745265,-1.112676501,-2.068422318,1.203969359,1.486451149,1.948250055,1.130584955,1.883445144,-0.434079638,-0.297686112
1L63,A,S,44,44,0,T,52,3,0,SER,THR,8289284,57.6,34,0.05962355,-0.046967123,-0.4278737,0.31805214,-0.207665771,-0.298762918,-0.3129825,-0.627775311,-0.692175925,0.207707316,0.230870813,0.32178694,0.287454873,0.542440176,0.154140964,-0.445447483
1L63,A,S,44,44,0.1,V,52,3,0.1,SER,VAL,8289284,57.6,45.3,0.2934381,-0.28002512,-0.14957128,0.114670835,-0.120750904,-0.449273586,0.386031479,-0.315248996,-0.248614922,0.266340435,0.538669467,-0.535106897,0.161128223,0.14232561,-0.070613013,-0.894783307
1L63,A,L,46,46,-1.9,A,62,6.7,-1.9,LEU,ALA,1570293,0,-80,-1.5101067,1.4948735,-1.8812367,1.8557869,-1.921000838,-1.881993294,-2.1598351,-1.318142891,-2.125212431,1.879001856,1.892933846,2.061167955,1.748467445,1.697362542,-1.216762129,0.580361836
1L63,A,D,47,47,-1,A,62,6.7,-1,ASP,ALA,1570293,21.5,-41,-0.19467905,-0.015091243,-1.2115272,1.0267392,-0.368115276,-1.26816082,-2.252884626,-0.927470684,-1.240998268,0.268394619,1.289392471,2.10343647,0.602207303,0.87026453,-0.010367797,-0.20053035
1L63,A,A,49,49,-0.5,S,52,3,-0.5,ALA,SER,8218201,37.2,6.9,-0.48881382,0.3971885,-1.0951059,1.1260232,-0.94962281,-1.260540247,-0.634152651,-1.172496319,-1.458716154,1.027075768,1.255829573,0.697024345,1.213408351,1.436779976,-0.152787548,-0.227694135
1L63,A,I,50,50,-2,A,44,3,-2,ILE,ALA,9514271,19.9,-72.6,-1.1859854,1.1228496,-1.2247803,1.1603152,-1.49599278,-1.142640114,-1.048855782,-1.197021365,-1.239393473,1.493350744,1.276861429,0.823220909,1.017726541,1.190417051,-1.562425364,0.546393222
1L63,A,I,50,50,-0.4,M,65,5.4,-0.4,ILE,MET,10545167,19.9,1.2,-0.555734,0.464497,-0.8220137,0.7729453,-0.877684653,-0.584851503,-1.198603868,-0.90180254,-0.547123432,0.963809907,0.60532397,0.851177633,0.947730005,0.496685863,-0.631086507,0.313779992
1L63,A,I,58,58,-3.2,A,44,3,-3.2,ILE,ALA,9514271,2.3,-72.6,-1.916786,1.905455,-2.6520824,2.6543593,-2.339497328,-2.486939669,-2.595093489,-3.07234478,-2.766535282,2.39757061,2.430362701,2.587001562,2.775845051,3.081018209,-1.721158513,1.542120623
1L63,A,I,58,58,-3.4,T,65,5.4,-3.4,ILE,THR,11316887,2.3,-31.6,-1.504527,1.4670223,-2.5275054,2.5901895,-2.281894445,-2.487046242,-2.402927399,-2.673651218,-2.792005539,2.35526371,2.464191437,2.393148184,2.730906487,3.007437468,-1.741980281,1.382017903
1L63,A,T,59,59,-1.5,A,63,6.5,-1.5,THR,ALA,1567817,44,-41,-0.9684923,0.99946296,-1.3432286,1.3793961,-1.547093868,-1.227313995,-1.146531701,-1.464078784,-1.331122518,1.577286482,1.197737217,1.037384391,1.579491973,1.505082011,-0.809440889,0.781066043
1L63,A,T,59,59,-1.2,D,63,6.5,-1.2,THR,ASP,1567817,44,0,-0.67733014,0.71995586,-1.0950409,1.2901436,-1.354763269,-0.9439978,-0.440437526,-1.648843408,-1.087166786,1.397445202,1.098485231,1.121548772,1.501168847,1.33206892,-0.740905155,0.796854274
1L63,A,T,59,59,-1.6,G,63,6.5,-1.6,THR,GLY,1567817,44,-63.2,-0.96413434,1.0735769,-1.014862,1.0787833,-1.190858006,-1.126839876,-0.994672596,-0.913273692,-0.848666608,1.356703401,0.966876566,0.917017817,0.917755306,1.235568523,-0.840418446,0.770748668
1L63,A,T,59,59,-1.1,N,63,6.5,-1.1,THR,ASN,1567817,44,5,-0.58582306,0.59396297,-0.91711426,1.0943578,-1.117311239,-0.702156305,-0.328968883,-1.436021447,-1.001111388,1.077334285,0.750736892,0.939827204,1.380499959,1.323392868,-0.700711628,0.66379364
1L63,A,T,59,59,-0.2,S,63,6.5,-0.2,THR,SER,1567817,44,-34,-0.46268097,0.43131775,-1.076525,1.0603292,-1.064050317,-0.995509565,-1.085200548,-1.129740596,-1.108119011,0.980489552,0.993081152,1.145359159,1.102004528,1.080711722,-0.55345198,0.545449038
1L63,A,T,59,59,-1.5,V,63,6.5,-1.5,THR,VAL,1567817,44,11.3,-0.7561991,0.85926044,-1.1311243,1.2930268,-1.190451026,-1.194225788,-0.22401312,-1.463418484,-1.583511591,1.352351546,1.234150887,0.538313031,1.649991632,1.690329313,-0.80353049,0.823732883
1L63,A,L,66,66,-1,M,65,5.4,-1,LEU,MET,10545167,2,-6.1,-0.7255048,0.694927,-1.5656378,1.6294949,-1.386208653,-1.601598024,-1.472707629,-1.606235623,-1.76143837,1.491409063,1.531258583,1.534732342,1.759588957,1.830486059,-0.369251652,0.397938249
1L63,A,F,67,67,-1.9,A,44,3,-1.9,PHE,ALA,9514271,5.5,-113.7,-2.3028424,2.5009842,-2.8609881,2.7886884,-3.3587327,-2.960345507,-2.969711065,-3.033635139,-1.982515931,3.443845034,2.962763071,3.177243471,2.251779079,2.107812405,-1.506190273,1.55339721
1L63,A,D,72,72,-2.7,P,63,6.5,-2.7,ASP,PRO,1733941,56.8,0,-0.9406101,0.76758695,-1.3401973,1.2795779,-1.065591455,-0.973285377,-1.315640926,-1.548586845,-1.797883391,1.100313425,1.011727333,1.411292434,1.431616664,1.44293952,-0.19688985,0.175646544
1L63,A,A,73,73,-0.4,S,52,3,-0.4,ALA,SER,8218201,36.8,6.9,-0.3196465,0.25487968,-1.1535518,1.1440264,-1.120000362,-1.18442297,-0.660251915,-1.182539225,-1.620543957,1.048771739,1.196010828,0.636946797,1.319379091,1.519025564,-0.094338776,0.098141609
1L63,A,V,75,75,-1.3,T,52,3,-1.3,VAL,THR,8218201,21.1,-11.3,-0.655095,0.5292813,-1.1136494,1.0106573,-0.829654992,-0.788357735,-1.119411945,-1.329913735,-1.500910044,1.03300333,0.825752079,0.91326791,0.922229469,1.359038472,-0.760626892,0.838104978
1L63,A,I,78,78,-1.2,A,65,5.4,-1.2,ILE,ALA,10545167,0,-72.6,-1.3639575,1.4173871,-1.6071316,1.6121184,-1.172777653,-1.563807964,-2.023106575,-1.556630492,-1.71933794,1.346629024,1.698215723,1.97330308,1.147254467,1.895191669,-1.628064912,1.35749961
1L63,A,I,78,78,-1.5,M,65,5.4,-1.5,ILE,MET,10545167,0,1.2,-1.255016,1.2251903,-1.8808289,1.9192669,-1.556158304,-1.980852604,-1.726978302,-1.893337131,-2.246815443,1.70285368,1.931165695,1.908723712,1.856071234,2.197520971,-0.671016733,0.647158719
1L63,A,I,78,78,-0.8,V,61,5.4,-0.8,ILE,VAL,12963380,0,-20.4,-0.5878073,0.5421239,-0.9828612,0.9870268,-0.864893317,-0.982123077,-0.910270095,-1.034156084,-1.122862339,0.989515007,0.967461407,0.780701876,0.957481265,1.239979267,-0.101767049,0.101195785
1L63,A,A,82,82,-0.3,S,52,3,-0.3,ALA,SER,8218201,74.6,6.9,0.13249305,-0.15984039,-0.6863164,0.64969736,-0.530107379,-0.662460923,-0.466968179,-0.683256388,-1.08878839,0.436502844,0.680209458,0.472008318,0.728498101,0.93126905,-0.077418203,0.02881757
1L63,A,L,84,84,-2.6,A,44,3,-2.6,LEU,ALA,9514271,0,-80,-2.1418257,2.1611242,-3.0061212,2.9688878,-3.17566061,-2.987608671,-3.305533171,-2.948309898,-2.613490582,3.106882811,2.999298811,3.368317842,2.49300909,2.876929522,-0.943476204,0.619875257
1L63,A,L,84,84,-1.9,M,65,5.4,-1.9,LEU,MET,10545167,0,-6.1,-0.9860207,0.87785923,-1.7101713,1.6296126,-1.777852654,-1.553582191,-1.913483977,-1.795124292,-1.510811567,1.705360889,1.568220854,1.549887657,1.64359796,1.680993795,-0.193272437,0.062385035
1L63,A,V,87,87,-1.7,A,44,3,-1.7,VAL,ALA,9514271,1.5,-52.3,-0.75102395,0.702765,-1.4927894,1.331742,-1.546727896,-1.443481445,-1.981079698,-1.378842831,-1.113813281,1.385176301,1.460358858,1.753684521,1.080826163,0.978667676,-0.803247972,0.427431669
1L63,A,V,87,87,-2.3,M,65,5.4,-2.3,VAL,MET,10545167,1.5,21.6,-0.3217031,0.3158428,-0.9080787,0.86440086,-0.845134377,-0.677125454,-0.991704047,-0.969541073,-1.056884527,0.873701572,0.677271664,0.923867285,0.807934225,1.039229274,-0.681239144,0.199543105
1L63,A,V,87,87,-0.3,I,61,5.4,-0.3,VAL,ILE,12963380,1.5,20.4,0.07470611,-0.23683853,-0.2580933,0.3113092,-0.490830779,-0.107393369,0.067953728,-0.324945211,-0.435250163,0.514558077,0.092632286,-0.022042567,0.493668258,0.477731526,0.0637584,-0.166570229
1L63,A,V,87,87,-1.6,T,52,3,-1.6,VAL,THR,8218201,1.5,-11.3,-0.88944644,0.816847,-2.0869982,2.0520918,-2.142986298,-2.109566212,-2.03097415,-1.82396698,-2.327497005,2.091751575,2.111225367,2.052378893,1.861278534,2.143829346,-0.362741189,-0.313121848
1L63,A,L,91,91,-3.9,A,44,3,-3.9,LEU,ALA,9514271,3,-80,-2.1857355,2.247088,-3.9898345,3.801684,-3.39350462,-3.744469881,-4.67983532,-3.3441329,-4.787230492,3.282236338,3.585581303,4.010775566,3.608604908,4.521223068,-1.625460966,1.412402086
1L63,A,L,91,91,-0.8,M,59,5.4,-0.8,LEU,MET,8901549,3,-6.1,-0.80856085,0.7712817,-1.7986676,1.7156231,-2.010959625,-1.624010563,-1.619061351,-1.564807415,-2.174495935,1.958618641,1.583779573,1.406573653,1.646325231,1.982816458,-0.533579755,0.235245732
1L63,A,D,92,92,-1.4,N,62,6.7,-1.4,ASP,ASN,1911773,36.1,5,-0.896091,0.7927381,-1.5356858,1.6402229,-2.445105791,-1.523039818,-1.101477265,-1.757931232,-0.850875556,2.585834503,1.52592802,1.091867328,1.949782729,1.047703266,0.069380711,-0.070211516
1L63,A,A,93,93,-0.2,S,52,3,-0.2,ALA,SER,8218201,70.1,6.9,0.06936546,-0.117033936,-0.25337085,0.29125246,-0.348906189,-0.5156762,0.082399018,-0.264001846,-0.220668271,0.399111569,0.48243171,-0.221230045,0.450673997,0.34527576,0.010469806,-0.077562529
1L63,A,A,98,98,-1,C,40,3,-1,ALA,CYS,10623513,0,14.5,-1.2541734,1.1939341,-2.3459475,2.324609,-2.076951265,-2.332822323,-1.324811578,-2.588853359,-3.406297445,2.067774773,2.184199095,1.37040782,2.787318707,3.213346243,-0.829622843,0.582493585
1L63,A,A,98,98,-4.3,L,40,3,-4.3,ALA,LEU,10623513,0,80,-1.6843036,1.7625787,-2.9545455,3.0217729,-2.777664423,-2.677628517,-0.706598938,-3.398714542,-5.212119579,2.549550772,2.716719151,0.534860611,3.995574951,5.312159538,-0.870980112,0.884059153
1L63,A,A,98,98,-2.5,S,52,3,-2.5,ALA,SER,8218201,0,6.9,-1.3002293,1.3366314,-2.42016,2.3896267,-2.457638979,-2.439805508,-1.454547405,-2.605994225,-3.142814159,2.433011293,2.29964447,1.71806848,2.544872761,2.952539444,-0.556365229,0.613407965
1L63,A,A,98,98,-3.2,V,40,3,-3.2,ALA,VAL,10623513,0,52.3,-0.5586304,0.5879079,-2.1172454,2.2474117,-2.062386751,-2.202641726,0.277744263,-2.520841599,-4.078102589,2.147188663,2.236559391,-0.128913254,2.850795746,4.131428719,-0.744993737,0.834207558
1L63,A,L,99,99,-4.5,A,65,5.7,-4.5,LEU,ALA,8433369,0.2,-80,-2.2875845,2.193048,-3.7267137,3.757164,-3.013964653,-3.6951828,-4.168647289,-3.266693592,-4.489079475,3.036154509,3.814925671,4.126482487,3.423265457,4.384994984,-1.659961081,1.451818411
1L63,A,L,99,99,-0.3,F,65,5.7,-0.3,LEU,PHE,8433369,0.2,33.7,-1.5382042,1.5465894,-2.8809063,2.7518198,-2.657180548,-2.736742496,-3.069734812,-2.839148521,-3.101724148,2.59471488,2.411815405,3.335204363,2.769704819,2.647658825,-0.865207385,0.483552222
1L63,A,L,99,99,-1.5,I,65,5.7,-1.5,LEU,ILE,8433369,0.2,-7.3,-0.54840606,0.56878066,-2.1187406,2.0778499,-1.455604911,-2.062023163,-2.424624443,-1.729584932,-2.921864271,1.444466352,1.992074966,2.3990376,1.928335428,2.625338554,-0.500354657,0.575869875
1L63,A,L,99,99,-0.6,M,65,5.7,-0.6,LEU,MET,8433369,0.2,-6.1,-1.0317621,1.0644244,-2.314352,2.2410634,-2.016085148,-2.412983894,-2.373229027,-2.069349766,-2.700109005,2.009088516,2.288020849,2.285349131,1.986938119,2.635921717,-0.505496463,0.58457731
1L63,A,L,99,99,-2,V,65,5.7,-2,LEU,VAL,8433369,0.2,-27.7,-0.80515814,0.8559972,-2.3594356,2.366961,-1.361970544,-2.336164474,-2.723276138,-2.027289152,-3.348474979,1.423212528,2.284482241,2.62940073,2.342455387,3.15525341,-0.831949808,0.749935087
1L63,A,I,100,100,-3.4,A,44,3,-3.4,ILE,ALA,9514271,4.7,-72.6,-2.4426713,2.5564919,-3.675267,3.8054664,-3.591093063,-3.71364069,-3.274709225,-3.19634676,-4.600550652,3.610995531,3.973880053,3.555634737,3.517908573,4.368912697,-1.378224766,0.589703463
1L63,A,I,100,100,-1.6,M,65,5.4,-1.6,ILE,MET,10545167,4.7,1.2,-1.2770956,1.2615122,-2.2965283,2.2238586,-2.122867346,-2.236610413,-2.142940521,-2.162271023,-2.817948818,2.086695671,2.185588121,1.990469098,2.226853371,2.629689693,-0.767088396,0.304599412
1L63,A,I,100,100,-0.4,V,61,5.4,-0.4,ILE,VAL,12963380,4.7,-20.4,-0.5606092,0.6015616,-1.3403456,1.3694834,-1.345595241,-1.405051708,-1.300166726,-1.092698455,-1.558217049,1.465615749,1.431409836,1.239115953,1.224000573,1.487276316,-0.114245869,-0.053245023
1L63,A,N,101,101,-1.5,A,59,5.4,-1.5,ASN,ALA,11316887,0,-46,-1.1570508,1.2608626,-2.171171,2.3442497,-2.421089172,-2.529644489,-1.242726088,-2.469225407,-2.19316864,2.180082798,2.803504705,1.625347137,2.510354519,2.601960897,-0.231620396,0.230323305
1L63,A,M,102,102,-1,L,61,5.4,-1,MET,LEU,12963380,1.6,6.1,-0.14506811,0.20310883,-1.220501,1.2360007,-0.894827485,-1.138215542,-1.413774848,-1.301980257,-1.353704453,1.069595098,1.063916922,1.472081661,1.157092333,1.417316914,-0.224827502,0.219650292
1L63,A,V,103,103,-2.2,A,44,3,-2.2,VAL,ALA,9514271,5.7,-52.3,-0.8036369,0.79742116,-1.5357319,1.4568317,-1.042979836,-1.525105476,-1.618306279,-1.702951074,-1.789315224,0.978547215,1.467724085,1.635062099,1.415500045,1.787325263,-0.387499648,-0.212190298
1L63,A,V,103,103,-0.5,I,61,5.4,-0.5,VAL,ILE,12963380,5.7,20.4,-0.16046397,0.124124095,-0.91179055,0.784246,-0.996547639,-0.44439429,-1.366034985,-1.075893164,-0.67607969,0.974276543,0.395135641,0.828462541,0.903485179,0.819872081,0.003861619,-0.12158653
1L63,A,V,103,103,-1.2,M,65,5.4,-1.2,VAL,MET,10545167,5.7,21.6,-0.77173537,0.7781551,-1.2832596,1.3137054,-1.607983232,-1.762172461,-0.720007002,-1.322007537,-1.00412643,1.614737511,1.585310459,0.645591974,1.415589213,1.30729723,-0.815005135,0.750367154
1L63,A,F,104,104,-0.4,M,65,5.4,-0.4,PHE,MET,10545167,14,-39.8,-0.511476,0.469031,-0.548397,0.52779925,-0.251683235,-0.525938869,-0.280162096,-0.787200272,-0.897000015,0.382521003,0.40573886,0.249604702,0.742762983,0.858368278,-0.855332022,0.76137064
1L63,A,Q,105,105,-1.2,M,59,5.4,-1.2,GLN,MET,11316887,30,5.9,-0.4636229,0.41774064,-0.8870621,0.88734305,-1.25388813,-0.663129807,-0.903000176,-0.83688426,-0.778406858,1.146964788,0.731244385,0.696987033,1.024687767,0.836831868,-0.565745646,0.573560027
1L63,A,M,106,106,0.2,I,61,5.4,0.2,MET,ILE,12963380,26.3,-1.2,0.00684878,-0.056427576,-0.3962485,0.38407558,-0.755821645,-0.405325443,-0.460641176,-0.384677649,0.02522485,0.959670663,0.41280213,0.311728269,0.164874673,0.071303137,-0.023962526,-0.020524858
1L63,A,M,106,106,0.5,L,47,3,0.5,MET,LEU,9541409,26.3,6.1,0.23773003,-0.25701964,0.21517196,-0.094972625,0.146327436,-0.253081501,-0.076343909,0.218847409,1.040109873,0.03042433,0.181996971,0.294255972,-0.118131392,-0.863408983,-0.037367678,0.035205729
1L63,A,M,106,106,-3.4,K,47,3,-3.4,MET,LYS,9541409,26.3,6.1,-0.93370837,0.91274226,-1.9145677,2.0040278,-1.392947078,-1.796866179,-1.969113469,-1.973254085,-2.440655708,1.412797809,1.927379131,2.204903603,2.240010262,2.235047817,-0.69963225,0.911141616
1L63,A,T,109,109,0.6,D,62,6.7,0.6,THR,ASP,1911773,79.4,0,0.74640715,-0.85799426,0.8897346,-0.81560075,0.459173888,0.520747781,1.587374449,0.517162383,1.364214182,-0.081726983,-0.576450646,-1.366528273,-0.952640533,-1.100657582,-0.544062814,0.471981348
1L63,A,T,109,109,0.1,N,62,6.7,0.1,THR,ASN,1911773,79.4,5,0.31246328,-0.34768465,0.1630319,-0.10176593,-0.312407106,0.043941185,0.604791284,-0.115961611,0.594795227,0.491826355,-0.120011926,-0.436523318,-0.198824137,-0.245296597,-0.214543224,-0.124865689
1L63,A,V,111,111,-1.3,A,44,3,-1.3,VAL,ALA,9514271,0.2,-52.3,-0.82032555,0.8026926,-1.235969,1.2685208,-2.010609627,-1.428200483,-0.581667185,-1.138962626,-1.020405889,1.81459415,1.479996204,0.682775319,1.358603001,1.006637812,-1.175164324,0.638681895
1L63,A,V,111,111,-0.9,I,61,5.4,-0.9,VAL,ILE,12963380,0.2,20.4,0.007899012,-0.0805061,-0.6107484,0.65200627,-0.680596352,-0.513658464,-0.386232406,-0.775577843,-0.697677374,0.742756546,0.470748395,0.409335703,0.714278579,0.922913373,-0.070652762,-0.035580206
1L63,A,V,111,111,-0.7,M,65,5.4,-0.7,VAL,MET,10545167,0.2,21.6,-0.3748402,0.21823105,-1.4200903,1.4024422,-0.982314408,-1.366508961,-1.767981052,-1.456403971,-1.527242064,1.064823151,1.390522003,1.703278422,1.341573477,1.512016296,-0.773333076,0.749535558
1L63,A,S,117,117,1.1,F,65,5.4,1.1,SER,PHE,8401213,0.6,106.7,0.3891827,-0.4648872,0.1133845,-0.15097639,0.901218534,-0.744532764,-0.969483852,0.667762637,0.711957872,-0.956847727,0.868821263,1.285237074,-1.19824791,-0.753844857,0.722889844,-0.991140636
1L63,A,L,118,118,-3.2,A,65,5.4,-3.2,LEU,ALA,10545167,6.9,-80,-2.0846639,2.1066952,-3.02183,3.0255606,-2.745511532,-3.368286848,-2.803460598,-2.995744705,-3.196146727,2.682714701,3.440200329,2.885667562,2.773006439,3.346214771,-1.617145795,1.592455013
1L63,A,L,118,118,-0.7,M,65,5.4,-0.7,LEU,MET,10545167,6.9,-6.1,-0.59073603,0.55751866,-1.4753984,1.5017549,-1.069868326,-1.50658536,-1.928578377,-1.148202419,-1.723759055,1.233094931,1.420284986,1.907379031,1.271622658,1.676393747,-0.476617985,0.499453603
1L63,A,M,120,120,0.5,L,47,3,0.5,MET,LEU,9541409,12.5,6.1,-0.1878103,0.045220155,-0.7622264,0.690004,-0.730803311,-0.938539684,-0.251633078,-0.715753019,-1.174401402,0.771164298,0.924271703,-0.048959352,0.926761985,0.876780331,0.059371671,-0.297174238
1L63,A,M,120,120,-1.6,K,47,3,-1.6,MET,LYS,9541409,12.5,6.1,-1.1738883,0.951841,-1.0777982,1.1964743,-1.717959881,-1.228767633,0.382308245,-1.484518647,-1.340053201,1.790634274,1.396106243,0.220190242,1.547468066,1.027970433,0.198746842,-0.217273349
1L63,A,M,120,120,-0.1,Y,61,5.4,-0.1,MET,TYR,12963380,12.5,47.2,-0.028426457,0.017050829,-1.0575821,0.77328813,-1.316251993,-1.324477434,-0.543760359,-0.955512106,-1.147907376,1.188845873,0.851501644,-0.012827979,0.81515336,1.02376914,0.551697179,-0.695291303
1L63,A,L,121,121,-0.8,M,65,5.4,-0.8,LEU,MET,10545167,0.8,-6.1,-0.32368314,0.3229942,-0.6828742,0.7608577,-0.605907977,-0.948467791,-0.679887891,-0.607452631,-0.572654724,0.545137107,0.860877872,0.936813533,0.762490213,0.698968351,-0.186355645,0.216137301
1L63,A,A,129,129,-1.2,F,40,3,-1.2,ALA,PHE,10623513,0.6,113.7,-1.2347175,1.1507725,-2.3771262,2.5443854,-1.787312031,-2.549560547,-2.589176893,-2.2670784,-2.692502737,2.289083958,2.70733428,2.89028573,2.338534355,2.49669385,-0.539548297,0.446237644
1L63,A,A,129,129,-2.2,W,40,3,-2.2,ALA,TRP,10623513,0.6,144.5,-0.96837854,0.96654975,-2.158736,2.325105,-1.83628571,-2.139390707,-2.35027504,-2.106045723,-2.361682892,2.202181101,2.0433321,2.663364649,2.38666296,2.329982281,-0.740325437,0.38644393
1L63,A,A,130,130,1,S,52,3,1,ALA,SER,8218201,9.5,6.9,-0.46932167,0.4227705,-1.4274473,1.4727643,-1.138451457,-1.392126799,-1.687525153,-1.246355414,-1.672778845,1.239119291,1.439658165,1.691220164,1.205110192,1.788713932,-0.358519157,0.34289953
1L63,A,L,133,133,-0.3,F,61,5.4,-0.3,LEU,PHE,12963380,0.9,33.7,0.17734024,-0.18257156,-0.18910673,0.045168262,-0.174875304,0.294577956,-0.469681531,-0.248611808,-0.346942067,0.279987246,-0.446115375,0.050887384,0.0759992,0.265084684,0.586167305,-0.584859217
1L63,A,L,133,133,-0.4,M,59,5.4,-0.4,LEU,MET,8901549,0.9,-6.1,-0.40856585,0.36305067,-0.9079164,0.9935735,-0.977133453,-0.564159632,-0.990789831,-0.753832579,-1.253666043,1.035189629,0.535689592,1.199629903,0.952696204,1.24466455,-0.001503721,-0.13222384
1L63,A,A,134,134,-0.1,S,52,3,-0.1,ALA,SER,8218201,22.7,6.9,-0.1539113,0.08996117,-0.7463568,0.79141074,-0.519104362,-0.904228151,-0.282345176,-0.661314368,-1.364791989,0.717781067,0.944508016,0.364354879,0.655470014,1.274939775,-0.477304543,0.004305772
1L63,A,N,144,144,0.5,E,65,6.5,0.5,ASN,GLU,1854726,67.2,21.9,0.31410146,-0.40075785,0.03713903,-0.078328475,-0.145647749,-0.370111048,-0.038816012,0.376800269,0.363471746,0.222094372,0.521089077,-0.186742917,-0.543525815,-0.404554129,-0.135039137,0.05531776
1L63,A,V,149,149,-3.2,A,44,3,-3.2,VAL,ALA,9514271,0,-52.3,-1.3348161,1.3342465,-1.8862865,1.8825715,-2.275276423,-1.432939768,-0.720073402,-2.463253498,-2.539889336,2.256302118,1.525933504,0.650959432,2.422730923,2.556932449,-1.261598,0.950145088
1L63,A,V,149,149,-2,C,59,5.4,-2,VAL,CYS,11316887,0,-37.8,-0.80534995,0.7447047,-0.8412908,0.8543421,-1.523716927,-0.54559952,1.288339972,-1.571917534,-1.853558779,1.574419022,0.539413452,-1.4034729,1.685048223,1.876304865,-1.170684242,0.780937134
1L63,A,V,149,149,-4.9,G,59,5.4,-4.9,VAL,GLY,11316887,0,-74.5,-1.7577665,1.8545024,-2.4446616,2.6259792,-2.62519145,-1.957823038,-0.673102856,-3.034065723,-3.933123827,2.780721903,2.024163485,1.447520971,3.27588892,3.60160327,-1.411717928,0.752388769
1L63,A,V,149,149,-0.1,I,59,5.4,-0.1,VAL,ILE,11316887,0,20.4,-0.18139637,-0.026493233,-0.8313341,0.8322269,-0.856879413,-0.775643408,-0.583781779,-1.093768239,-0.846596062,0.920034349,0.674042821,0.477319658,1.196139693,0.893598974,-0.013040277,-0.001987033
1L63,A,V,149,149,-2.8,M,65,5.4,-2.8,VAL,MET,10545167,0,21.6,-0.6331847,0.46892372,-1.2004578,1.13381,-1.462138295,-0.974653184,-0.470889151,-1.387827158,-1.70678091,1.53306973,0.867883563,0.285688818,1.382951021,1.599458218,-0.791083484,0.288771546
1L63,A,V,149,149,-2.8,T,52,3,-2.8,VAL,THR,8218201,0,-11.3,-1.2339984,1.1946915,-2.2148457,2.2431424,-2.254181385,-1.801447153,-0.980058253,-2.7067976,-3.331743002,2.240084648,1.843007565,1.316828966,2.674685478,3.141105175,-1.058150214,0.797783643
1L63,A,V,149,149,-4.4,S,59,5.4,-4.4,VAL,SER,11316887,0,-45.3,-1.6625044,1.7444519,-2.553835,2.6320934,-2.579250336,-2.05948329,-1.158825755,-3.098666191,-3.872950077,2.662328005,2.127038717,1.393649578,3.204777718,3.772674084,-1.339425827,1.056235882
1L63,A,T,152,152,-1.5,A,59,5.4,-1.5,THR,ALA,11316887,0,-41,-0.3326265,0.13378714,-0.81444836,0.8027304,-1.123482943,-0.70029968,-0.621887386,-0.716323197,-0.910247505,1.165639162,0.633464575,0.444863558,0.902641833,0.867042005,-0.365530713,0.188387883
1L63,A,T,152,152,-0.5,C,59,5.4,-0.5,THR,CYS,11316887,0,-26.5,0.66578877,-0.7453624,0.87694514,-0.7994996,0.483560294,0.902017772,1.602061868,0.820444524,0.576642036,-0.346892267,-1.000141621,-1.589089513,-0.579981565,-0.481391191,0.071841588,-0.429004213
1L63,A,T,152,152,-0.4,I,59,5.4,-0.4,THR,ILE,11316887,0,31.6,0.7010328,-0.8365272,0.024840679,0.005903178,-0.149255931,-0.054027818,0.241610676,0.15915516,-0.07327766,0.052516744,-0.059414536,-0.166047603,0.087599248,0.114862472,1.149994828,-1.355695993
1L63,A,T,152,152,-2,S,59,5.4,-2,THR,SER,11316887,0,-34,-0.7122302,0.5839491,-1.34117,1.449365,-1.386748552,-1.155736446,-1.060866237,-1.32019639,-1.782301664,1.426612735,1.151906967,1.290291786,1.51165843,1.866355896,-0.800761522,0.787733913
1L63,A,T,152,152,0.2,V,59,5.4,0.2,THR,VAL,11316887,0,11.3,0.25369528,-0.35053483,-0.47940844,0.5228177,-0.486652911,-0.552563488,-0.215133905,-0.47070545,-0.671986103,0.493161023,0.505493283,0.24697347,0.682985187,0.685474098,0.828542693,-0.899683509
1L63,A,F,153,153,-3.8,A,65,5.7,-3.8,PHE,ALA,8433369,0.7,-113.7,-1.7588946,1.7657259,-2.6733184,2.6631787,-2.759536028,-1.434533119,-2.057965279,-3.116719246,-3.997838736,2.782166481,1.529173374,1.888371229,3.197320938,3.918861866,-1.687656175,1.61830207
1L63,A,F,153,153,-0.2,I,65,5.7,-0.2,PHE,ILE,8433369,0.7,-41.1,-0.25202107,0.26718208,-0.49962416,0.54155767,-1.42149055,0.238976896,0.896345317,-0.916401923,-1.295549393,1.623390436,-0.213686585,-0.888255119,1.116318464,1.070019722,-0.169637874,0.1474833
1L63,A,F,153,153,0.3,L,65,5.7,0.3,PHE,LEU,8433369,0.7,-33.7,-0.6408926,0.48737827,-1.1185503,1.2313265,-1.906739235,-0.919238269,0.403280705,-1.825335145,-1.344718218,2.016283035,0.766283751,-0.091727301,1.969825983,1.495966554,-0.479096748,0.415025088
1L63,A,F,153,153,-0.6,M,65,5.7,-0.6,PHE,MET,8433369,0.7,-39.8,0.0666612,-0.07314182,0.66326946,-0.5773976,0.217809275,0.905165851,1.525197744,0.531012416,0.137163848,-0.11837931,-0.958943784,-1.380406499,-0.376132756,-0.053127445,-0.429689925,0.236693699
1L63,A,F,153,153,-1.8,V,65,5.7,-1.8,PHE,VAL,8433369,0.7,-61.4,-0.9904307,1.087008,-1.2358674,1.2492157,-1.914180636,-0.357967526,0.121456705,-1.62592566,-2.402719259,2.115310669,0.392176598,-0.239776552,1.765492797,2.212874413,-0.8969914,0.499317664
1LZ1,A,V,2,2,-1.5,A,65,2.7,-1.5,VAL,ALA,11087397,60.1,-52.3,-1.3403054,1.1865124,-1.401322,1.4110672,-1.682071686,-1.220605373,-1.486236095,-1.281715751,-1.335980535,1.744128227,1.17190814,1.554531455,1.379296899,1.20547092,-1.09068553,1.166617186
1LZ1,A,V,2,2,-1.3,G,65,2.7,-1.3,VAL,GLY,11087397,60.1,-74.5,-1.7577658,1.6229732,-2.1876788,2.1516266,-2.171814442,-2.104229212,-2.444061279,-1.931724787,-2.286562681,2.114798307,2.024231434,2.428878784,1.971954226,2.218266964,-1.55829431,1.640391314
1LZ1,A,V,2,2,-1.4,S,65,2.7,-1.4,VAL,SER,11927576,60.1,-45.3,-1.4047385,1.2564062,-1.7010418,1.701478,-2.13855958,-1.612829208,-1.674797893,-1.387208939,-1.691812754,2.136933088,1.609274387,1.603246927,1.451274395,1.706661701,-1.59916548,1.612649072
1LZ1,A,V,2,2,-0.4,Y,65,2.7,-0.4,VAL,TYR,11927576,60.1,68.8,-0.53757834,0.5252253,-0.68579817,0.71462107,-1.448577285,-0.565141618,-0.719023347,-0.304280579,-0.391967654,1.430271864,0.487677634,0.713253379,0.506082058,0.435820878,-0.733102749,0.775276514
1LZ1,A,V,2,2,-1.4,D,65,2.7,-1.4,VAL,ASP,11927576,60.1,-11.3,-1.0370651,1.0196437,-1.3810209,1.4372145,-1.818395853,-1.165551901,-1.376194358,-1.240320563,-1.304641724,1.762579083,1.082720757,1.507778168,1.447868705,1.385125875,-1.190027556,1.055688119
1LZ1,A,V,2,2,-1.3,N,65,2.7,-1.3,VAL,ASN,11927576,60.1,-6.3,-1.1720892,1.0374063,-1.2925953,1.2864393,-2.022125244,-1.087179422,-1.143439412,-1.079536676,-1.13069427,1.895331979,0.957902908,1.277317882,1.194088221,1.107557178,-1.157140064,1.130529275
1LZ1,A,V,2,2,-0.4,R,65,2.7,-0.4,VAL,ARG,11927576,60.1,29,-0.96256846,0.8600529,-1.1110052,1.1547706,-1.775429487,-1.067418098,-0.85907644,-0.988429904,-0.864672244,1.844637036,1.070209742,0.914600849,1.048722863,0.895681441,-0.945543195,0.929846565
1LZ1,A,V,2,2,0.3,L,65,2.7,0.3,VAL,LEU,11087397,60.1,27.7,-0.19921958,0.1374809,-0.21093953,0.26920256,-0.801117957,-0.172531798,-0.098839812,0.07168366,-0.053890571,0.956137955,0.12332207,0.196664646,-0.051872253,0.121757627,-0.374954338,0.433137071
1LZ1,A,V,2,2,-0.2,M,65,2.7,-0.2,VAL,MET,11087397,60.1,21.6,-0.43248838,0.27408922,-0.2620204,0.34967455,-0.745977521,-0.138496295,-0.331431478,-0.064999498,-0.029196806,0.873209,0.116378158,0.401171416,0.159631699,0.197983131,-0.922765729,0.912136668
1LZ1,A,V,2,2,-0.8,F,65,2.7,-0.8,VAL,PHE,11087397,60.1,61.4,-0.61311483,0.51075363,-0.6125597,0.6304552,-1.308389187,-0.52150321,-0.48028639,-0.34997201,-0.402646959,1.265259266,0.436549008,0.534829199,0.575620115,0.340017736,-0.694747793,0.707904634
1LZ1,A,Y,20,20,-0.5,F,65,2.7,-0.5,TYR,PHE,9649316,22.7,-7.4,-0.52739125,0.3288158,-0.49145007,0.5225138,-0.85394299,-0.459089339,-0.476532549,-0.379699916,-0.287984729,0.853889406,0.343718529,0.550039887,0.589750707,0.275171459,-0.144399135,0.143803568
1LZ1,A,I,23,23,-2.5,A,65,2.7,-2.5,ILE,ALA,9398521,8.2,-72.6,-1.7281826,1.5600836,-1.9061171,1.8949715,-1.408537269,-1.820181608,-2.501789093,-1.520452619,-2.279626846,1.326239467,1.777021646,2.547595263,1.571928382,2.252074242,-1.017147207,0.953057962
1LZ1,A,I,23,23,-0.4,V,65,2.7,-0.4,ILE,VAL,7473760,8.2,-20.4,-0.45499286,0.41924,-0.3175712,0.3736384,-0.264454603,-0.325272381,-0.324915588,-0.033423722,-0.639789343,0.347721189,0.265532404,0.332568347,0.227691591,0.694679677,-0.217192259,0.099328242
1LZ1,A,Y,38,38,-0.2,F,65,2.7,-0.2,TYR,PHE,9649316,9.3,-7.4,-0.42502993,0.15357548,-0.4968411,0.5858341,-0.65773201,-0.524044871,-0.417132914,-0.514515996,-0.370779932,0.859287858,0.62353754,0.484271497,0.581838608,0.380235076,-0.042185813,0.045149533
1LZ1,A,Y,45,45,0.1,F,65,2.7,0.1,TYR,PHE,9649316,54.2,-7.4,-0.025240466,-0.124545574,0.22819085,-0.21492629,-0.06629388,0.37783736,-0.047835812,0.662753761,0.21449466,-0.06906949,-0.345954299,0.112201191,-0.591342688,-0.180465907,-0.456417293,0.464471067
1LZ1,A,A,47,47,0.1,P,69,2.8,0.1,ALA,PRO,1643041,67.3,41,-0.3685241,0.36345786,-0.8288029,0.9029686,-0.440160513,-0.366896003,-1.798993826,-0.99767983,-0.540283859,0.547311425,0.366067827,1.715795875,1.30696249,0.578705668,0.599320486,-0.594416397
1LZ1,A,Y,54,54,-1,F,65,2.7,-1,TYR,PHE,9649316,9.2,-7.4,-0.6098103,0.49599567,-1.1342894,1.2059249,-1.032299876,-1.310266733,-0.971460044,-1.187574744,-1.169843197,1.124121904,1.285501003,0.937662363,1.496816635,1.185523987,-0.521190552,0.556272756
1LZ1,A,I,56,56,-3.7,A,65,2.7,-3.7,ILE,ALA,9398521,1.4,-72.6,-2.7294002,2.6520166,-3.3663878,3.3920918,-1.644617558,-3.599495888,-3.798443794,-3.940244198,-3.849138737,1.812622309,3.521507263,3.838818789,3.919480324,3.868033409,-1.75776306,1.749552514
1LZ1,A,I,56,56,-4.3,T,65,2.7,-4.3,ILE,THR,9010773,1.4,-31.6,-1.7061716,1.6850405,-2.8932223,2.920958,-1.121883512,-2.972726107,-3.764805794,-3.202645302,-3.404052258,1.225535393,2.845128536,3.735411167,3.249234676,3.549481153,-1.799776191,1.778109602
1LZ1,A,I,56,56,-1.2,V,65,2.7,-1.2,ILE,VAL,7473760,1.4,-20.4,-1.0641907,0.99352646,-1.286268,1.3605157,-1.109199166,-1.342507362,-1.254835725,-1.352216959,-1.372579575,1.224897027,1.293143988,1.353420854,1.511667371,1.419449687,-0.898719401,0.932610271
1LZ1,A,I,59,59,-1.7,A,65,2.7,-1.7,ILE,ALA,9398521,1.6,-72.6,-3.7300458,3.3056731,-2.1688023,1.8306248,-3.031227589,-1.855581045,-2.042167664,-1.995114446,-1.919917107,2.207675695,1.936033964,1.997776628,1.256642699,1.754996538,-1.703078417,1.732123324
1LZ1,A,I,59,59,-3.8,G,65,2.7,-3.8,ILE,GLY,9398521,1.6,-94.9,-2.1261945,2.0036392,-3.2301502,3.2512455,-1.747108579,-3.554869413,-3.701616526,-3.52001524,-3.627141953,1.572575092,3.592689514,3.742502689,3.66372776,3.684734583,-2.072081162,2.081888711
1LZ1,A,I,59,59,-1.1,V,65,2.7,-1.1,ILE,VAL,7473760,1.6,-20.4,-1.1747234,0.8825981,-0.9535362,0.9699723,-1.124552965,-0.969560683,-1.018065333,-0.76999718,-0.885506153,1.173329234,1.035362959,1.065382123,0.735429049,0.840357184,-0.840562774,0.676344949
1LZ1,A,Y,63,63,-0.2,F,65,2.7,-0.2,TYR,PHE,9649316,51.1,-7.4,-0.39063892,0.4158408,-0.30540735,0.40895787,-0.38322401,-0.411023438,-0.239573598,-0.355019778,-0.138195947,0.461055845,0.4201428,0.297380418,0.614862442,0.251346409,-0.426304032,0.418667251
1LZ1,A,P,71,71,-1.6,G,69,2.8,-1.6,PRO,GLY,1643041,46.3,-63.2,-1.3603302,1.3990821,-2.5659416,2.491984,-1.811483145,-3.041812897,-3.480357647,-2.404979229,-2.091073751,1.818125367,2.837308407,3.587754011,2.488713741,1.728018165,-1.004250963,1.069646565
1LZ1,A,V,74,74,-0.4,A,65,2.7,-0.4,VAL,ALA,11087397,54.5,-52.3,-0.51588404,0.46134895,-0.22101884,0.19556198,-0.539381325,-0.104170918,-0.448046923,0.046236679,-0.059731513,0.501553237,0.112969071,0.370719284,-0.114482433,0.10705401,-0.571902028,0.583908122
1LZ1,A,V,74,74,-0.1,G,65,2.7,-0.1,VAL,GLY,11087397,54.5,-74.5,-0.9880911,0.9332566,-0.5977506,0.54164326,-1.012049079,-0.490804434,-0.48645708,-0.574204087,-0.425238371,0.908596575,0.498258442,0.528158844,0.313440025,0.459762752,-0.479164696,0.190572563
1LZ1,A,V,74,74,-1.9,I,65,2.7,-1.9,VAL,ILE,11087397,54.5,20.4,0.29891345,-0.42064542,0.49847046,-0.4712554,0.329902887,0.759771943,0.22423555,0.705990374,0.472450733,-0.09644179,-0.784355581,-0.165816844,-0.800554872,-0.5091061,-0.41230977,0.402925588
1LZ1,A,V,74,74,-0.4,L,65,2.7,-0.4,VAL,LEU,11087397,54.5,27.7,-0.16924092,-0.000732678,0.06679018,-0.05125034,-0.234352887,0.236997619,-0.031936184,0.293994665,0.069250993,0.261514723,-0.105143145,-0.031403944,-0.317529678,-0.0636907,-0.22170716,0.191046774
1LZ1,A,V,74,74,-0.4,M,65,2.7,-0.4,VAL,MET,11087397,54.5,21.6,-0.097499125,-0.05236695,0.36849672,-0.36183172,-0.033560757,0.518390477,0.473349541,0.451761156,0.43254441,0.189436004,-0.545667827,-0.482866138,-0.536434293,-0.433626771,-0.491722773,0.502590028
1LZ1,A,V,74,74,0,F,65,2.7,0,VAL,PHE,11087397,54.5,61.4,-0.061654396,-0.0608278,-0.09352089,0.19567198,0.206197634,-0.003691532,-0.399299204,-0.096201777,-0.174607784,0.169895858,0.146286905,0.428529292,0.058433548,0.175214142,-0.482681963,0.455686797
1LZ1,A,V,74,74,-0.3,Y,65,2.7,-0.3,VAL,TYR,11927576,54.5,68.8,-0.10046103,0.05339866,-0.20307222,0.23270503,0.08308737,-0.225758314,-0.334505826,-0.249054208,-0.289128125,0.159009159,0.15937309,0.323751807,0.159524575,0.361865222,-0.152659679,0.16840655
1LZ1,A,V,74,74,-0.4,D,65,2.7,-0.4,VAL,ASP,11927576,54.5,-11.3,-0.76811945,0.8206364,-0.69494146,0.6600615,-1.045805693,-0.576376259,-0.848831475,-0.426899344,-0.576795995,0.831388831,0.482033849,0.874889791,0.529022336,0.582969844,-0.514095052,0.510593
1LZ1,A,V,74,74,-0.3,N,65,2.7,-0.3,VAL,ASN,11927576,54.5,-6.3,-0.5775554,0.583359,-0.4278063,0.3795934,-0.53138411,-0.151482448,-0.572580576,-0.605772972,-0.27781266,0.677791536,0.030055478,0.563295543,0.353791296,0.273031056,-0.454585586,0.232765867
1LZ1,A,V,74,74,-0.1,R,65,2.7,-0.1,VAL,ARG,11927576,54.5,29,-0.5037536,0.39804748,-0.054718804,0.072300754,-0.434051841,-0.097528815,-0.031684697,0.059172705,0.230500624,0.368292749,0.368229598,0.0390401,-0.111826122,-0.302233398,0.098664379,-0.138175412
1LZ1,A,V,74,74,-0.4,S,65,2.7,-0.4,VAL,SER,11927576,54.5,-45.3,-0.007977675,0.13799514,-0.19285758,0.14381349,-0.257309914,-0.055083424,-0.393919945,0.007046729,-0.265022635,0.208256975,0.035753757,0.427366585,-0.094720244,0.142412826,-0.582610972,0.489390475
1LZ1,A,C,77,77,-4.6,A,57,4.5,-4.6,CYS,ALA,1525170,15.3,-14.5,-2.9461339,2.9070053,-3.8065689,3.7702422,-2.244277716,-3.970133305,-4.504809856,-4.004603863,-4.309018135,2.15055418,4.075930595,4.483914375,3.872591496,4.268220425,-1.351515977,1.221653522
1LZ1,A,I,89,89,-2.7,A,65,2.7,-2.7,ILE,ALA,9398521,3.7,-72.6,-2.1715305,2.2343252,-2.5521598,2.5742154,-2.421343327,-2.605073929,-2.68930912,-2.548318386,-2.496750116,2.398088217,2.5602355,2.661056519,2.710234165,2.541460752,-1.47628373,1.451064304
1LZ1,A,I,89,89,-0.5,V,65,2.7,-0.5,ILE,VAL,7473760,3.7,-20.4,-0.87707293,0.85173225,-0.96550673,0.9974681,-1.074440718,-1.223229885,-0.811188281,-1.048200607,-0.670473576,1.207204938,1.207867861,0.826762438,1.119149804,0.626355231,-0.858569673,0.860159358
1LZ1,A,D,91,91,-0.4,P,69,2.8,-0.4,ASP,PRO,1643041,37.7,0,-0.5771914,0.6829342,-0.15591474,0.31725472,0.051613878,-0.701469958,0.525969088,-0.634796739,-0.020887444,0.239373028,0.693927228,-0.324578255,0.502553463,0.474998474,-0.497387095,0.518540139
1LZ1,A,V,93,93,-0.7,A,65,2.7,-0.7,VAL,ALA,9020766,2.7,-52.3,-1.3372968,1.4235047,-0.7361678,0.8377754,-1.422654629,-0.514825106,-0.824413002,-0.20927006,-0.709676862,1.698607564,0.602333903,0.837204874,0.312905103,0.737825274,-1.214964576,1.235108267
1LZ1,A,V,99,99,-1,A,65,2.7,-1,VAL,ALA,9020766,1.6,-52.3,-2.1045647,1.98006,-1.4318463,1.4466211,-2.23888135,-1.435730934,-1.069757819,-1.203197479,-1.2116642,2.255661726,1.381195545,1.091231227,1.353999972,1.151019096,-1.266912249,1.267214762
1LZ1,A,V,100,100,-0.3,A,65,2.7,-0.3,VAL,ALA,9020766,0.8,-52.3,-1.278048,1.1681601,-0.6849486,0.69612145,-1.914577961,-0.466379344,-0.558009744,-0.212272614,-0.273505181,1.846479058,0.370416313,0.616444349,0.339915067,0.307354212,-1.059896218,1.04668439
1LZ1,A,P,103,103,-0.1,G,69,2.8,-0.1,PRO,GLY,1643041,92.4,-63.2,-0.29087567,0.217769,-0.29808897,0.34298798,-1.094178915,-0.685187459,-0.160708115,0.437124133,0.012503013,0.994861901,0.490074247,0.209903404,-0.416440874,0.436541915,-1.025549658,1.058279685
1LZ1,A,I,106,106,-0.9,A,65,2.7,-0.9,ILE,ALA,9398521,2.8,-72.6,-1.7308279,1.7770067,-1.446054,1.4953635,-2.17200017,-1.661174774,-1.040531516,-1.32688868,-1.029673934,2.393032312,1.578648567,0.959628522,1.362124562,1.183384657,-1.408684743,1.409167118
1LZ1,A,I,106,106,-0.7,V,65,2.7,-0.7,ILE,VAL,7473760,2.8,-20.4,-0.67866355,0.6618699,-0.5441877,0.63142216,-0.68097198,-0.614492059,-0.562947452,-0.261333466,-0.601193309,0.842338145,0.542183042,0.730157673,0.401858568,0.640573323,-0.699047214,0.71384192
1LZ1,A,V,110,110,0.5,A,65,2.7,0.5,VAL,ALA,11087397,47.9,-52.3,-0.49105167,0.3808893,-0.107754946,0.17016962,-0.732982635,-0.066763476,0.011712333,0.05009602,0.199161068,0.966622949,0.080617793,-0.023678886,-0.066175207,-0.106537357,-0.694545906,0.712501919
1LZ1,A,V,110,110,0.2,D,65,2.7,0.2,VAL,ASP,11927576,47.9,-11.3,-0.17223133,0.06454377,0.042031266,0.001957977,-0.501310527,0.194593757,0.085726239,0.230152369,0.200994357,0.926495194,-0.149276495,-0.08830104,-0.375895232,-0.303229392,-0.470270081,0.566150712
1LZ1,A,V,110,110,-2.2,G,65,2.7,-2.2,VAL,GLY,11087397,47.9,-74.5,-0.40838307,0.36697397,0.07807845,-0.042118747,-0.959626615,0.253948957,0.311922878,0.243245006,0.540901542,1.131272435,-0.240070105,-0.267261147,-0.282313466,-0.552221835,-0.788433944,0.797434682
1LZ1,A,V,110,110,-0.8,I,65,2.7,-0.8,VAL,ILE,11087397,47.9,20.4,0.026142258,-0.034374177,0.046011332,0.004628742,-0.823579907,0.024899326,0.539191246,0.290210396,0.199334979,0.976141691,-0.113712177,-0.524837315,-0.092438653,-0.222010806,-0.424982023,0.444749324
1LZ1,A,V,110,110,0.1,L,65,2.7,0.1,VAL,LEU,11087397,47.9,27.7,0.06191934,-0.076029554,0.2690804,-0.2114377,-0.35238266,0.406362951,0.3503097,0.398570001,0.542541265,0.641457617,-0.385132045,-0.343170136,-0.425355375,-0.544987798,-0.149756812,0.169539501
1LZ1,A,V,110,110,0.4,M,65,2.7,0.4,VAL,MET,11087397,47.9,21.6,-0.09714282,0.09848042,0.11653266,-0.068314865,-0.831951022,0.229683414,0.519928455,0.407451302,0.257551193,0.962990403,-0.2877298,-0.505102515,-0.208265603,-0.303466439,-0.447897802,0.442344673
1LZ1,A,V,110,110,0.1,N,65,2.7,0.1,VAL,ASN,11927576,47.9,-6.3,-0.55314803,0.5178484,-0.26721603,0.30224764,-1.316841722,0.150749713,-0.086110808,0.007564276,-0.091439873,1.481017709,-0.097593457,0.11105115,-0.024018481,0.040781431,-0.470270081,0.520108832
1LZ1,A,V,110,110,0.9,R,65,2.7,0.9,VAL,ARG,11927576,47.9,29,0.03981675,-0.12546396,0.47596222,-0.43008628,-0.163280919,0.666068256,0.565683246,0.685060799,0.626277328,0.759584188,-0.775302589,-0.601631641,-0.932810485,-0.600269377,-0.447387773,0.441567668
1LZ1,A,V,110,110,-1.9,F,65,2.7,-1.9,VAL,PHE,11087397,47.9,61.4,-0.87977326,0.81026536,-0.7195769,0.72410566,-2.266572952,-0.611013234,-0.296328932,-0.274174571,-0.149794862,2.376624346,0.5170573,0.315310478,0.268754423,0.142782509,-0.494440224,0.50893152
1LZ1,A,V,110,110,0.5,P,69,2.8,0.5,VAL,PRO,1643041,47.9,-11.3,-1.1486971,1.135732,-1.3924303,1.4547875,-1.516859412,-0.714642227,-1.860470057,-1.454038024,-1.416141391,1.818622947,0.80213356,1.943122029,1.245530248,1.464529514,-0.603765282,0.597610994
1LZ1,A,V,110,110,-0.1,Y,65,2.7,-0.1,VAL,TYR,11927576,47.9,68.8,-0.64001566,0.7429378,-0.5699328,0.55395436,-1.932059526,-0.462961137,-0.182088807,-0.352031082,0.079472758,1.936810851,0.481971771,0.229382709,0.251621813,-0.13001582,-0.155378495,0.177673329
1LZ1,A,V,121,121,-1.4,A,65,2.7,-1.4,VAL,ALA,9020766,8,-52.3,-1.1465063,1.1883496,-0.8905133,1.005041,-0.990697086,-0.8077299,-0.992058933,-0.718790829,-0.943287671,1.160027623,0.872968554,1.034421921,0.931420922,1.026367664,-1.183584934,1.201317545
1LZ1,A,Y,124,124,-0.4,F,65,2.7,-0.4,TYR,PHE,9649316,8.6,-7.4,-0.61804944,0.5749255,-1.0537193,1.0733979,-1.440553546,-1.165822268,-0.628809392,-1.239431858,-0.793979645,1.59156239,1.125972986,0.550578415,1.234179854,0.864696741,-0.737056493,0.738704169
1LZ1,A,V,125,125,-1.3,A,65,2.7,-1.3,VAL,ALA,9020766,16.1,-52.3,-1.7357556,1.7036959,-1.4241852,1.4547465,-1.515985608,-1.368209362,-1.485246778,-1.134426355,-1.617058158,1.678818822,1.387774944,1.571095586,1.105595589,1.530447483,-1.358535636,1.364166684
1LZ1,A,V,130,130,-0.8,A,65,2.7,-0.8,VAL,ALA,9020766,51.1,-52.3,-0.60912514,0.5499037,-0.5942925,0.6948124,-0.446454227,-0.527684569,-0.911688805,-0.548211217,-0.537422061,0.607151926,0.511731863,1.058985591,0.657847166,0.638346136,-1.256456748,0.512217366
1OH0,A,Y,32,32,0.2,F,25,7,0.2,TYR,PHE,10769113,0,-7.4,0.3822851,-0.39946604,0.39569792,-0.4289195,0.760595858,0.467434853,0.212097272,0.268438101,0.269925475,-0.847941399,-0.532145262,-0.200730339,-0.310896337,-0.252881527,0.01625398,0.045149533
1OH0,A,Y,57,57,-1.2,F,25,7,-1.2,TYR,PHE,10769113,4.8,-7.4,-0.11434275,0.011804153,-0.8597895,0.8880105,-0.730844498,-0.669663966,-1.077110887,-0.813052118,-1.008274436,0.648841977,0.599322736,1.12063694,0.960157037,1.111092329,-0.116163032,0.051409572
1RN1,C,Q,25,25,1.4,K,25,7,1.4,GLN,LYS,2663837,44.1,12.1,0.62497306,-0.5953754,0.97877055,-0.87958354,1.198606133,0.942439377,0.983061135,1.025104046,0.744641602,-1.050312042,-0.92641294,-0.933166265,-0.800246537,-0.687779844,0.220758283,-0.225030174
1VQB,A,I,47,47,-0.4,L,25,7.1,-0.4,ILE,LEU,2000379,2,7.3,-0.43616095,0.45309526,-0.09138809,0.1499824,-0.271499962,-0.307075441,0.32473895,-0.007046551,-0.196055546,0.407732397,0.238424569,-0.31831944,0.143665522,0.278408408,-0.281284249,0.284748821
1VQB,A,I,47,47,-1.7,M,25,7.1,-1.7,ILE,MET,2000379,2,1.2,-1.2651322,1.2661846,-1.0080885,1.0540637,-1.283455968,-1.057533264,-0.955616534,-0.883673191,-0.860163033,1.383743167,1.044670343,0.905103862,0.978062868,0.958738208,-0.820859307,0.389431051
1VQB,A,I,47,47,-2,V,25,7.1,-2,ILE,VAL,2000379,2,-20.4,-0.7915845,0.8415047,-0.93308353,1.0253093,-0.703888595,-0.83716923,-1.351627469,-0.59688139,-1.175850749,0.891609251,0.810916483,1.31241262,0.831287146,1.280322313,-0.298092231,0.309588797
1VQB,A,V,35,35,-0.6,I,25,7.1,-0.6,VAL,ILE,2000379,6.1,20.4,0.36911276,-0.3637856,0.1812436,-0.111723684,0.3001616,0.105297811,0.480208844,0.128571868,-0.108022615,-0.147766784,-0.160572588,-0.490645856,0.061766461,0.178601876,-0.008247664,-0.114245869
1VQB,A,Y,41,41,-3.2,F,25,7.1,-3.2,TYR,PHE,8378307,80.1,-7.4,0.28610578,-0.25633064,0.18334086,-0.07282459,-0.000477213,-0.053847656,0.719008207,0.142969772,0.109051138,0.100894898,0.000529394,-0.523302376,0.122155234,-0.0643989,-0.15421225,0.158523072
2LZM,A,I,3,3,0.7,L,70,5.4,0.7,ILE,LEU,8771182,12.1,7.3,-0.15430468,0.045837503,-0.06429853,0.12997293,-0.015802465,-0.177931517,-0.316910028,-0.210815489,0.399969339,0.079230383,0.094836317,0.620183825,0.096865773,-0.241249025,-0.012644234,-0.185309339
2LZM,A,I,3,3,0,C,65,6.5,0,ILE,CYS,3405287,12.1,-58.1,-0.7103949,0.6121906,-1.0542592,1.1172712,-0.936532497,-1.039140224,-0.871931612,-1.214045882,-1.209645629,1.047585607,1.006715536,0.871191978,1.39005506,1.27080822,-0.952663697,0.264487373
2LZM,A,I,3,3,-3,P,39,2,-3,ILE,PRO,1420185,12.1,-31.6,-1.1706008,0.9580334,-1.7655455,1.7480274,-1.649846315,-1.513014317,-1.993529201,-1.842014313,-1.829320431,1.699846625,1.44763732,2.121592045,1.664608002,1.806453705,-1.324040989,0.694093566
2LZM,A,I,3,3,-2.3,Y,65,6.5,-2.3,ILE,TYR,3405287,12.1,48.4,-0.92631674,0.79085577,-1.7008207,1.734712,-1.602479696,-1.532439709,-1.359775901,-1.792520523,-2.216885328,1.49686265,1.632869959,1.706131339,1.710627556,2.127069712,-0.760592406,0.171591975
2LZM,A,I,3,3,-0.4,V,65,6.5,-0.4,ILE,VAL,3405287,12.1,-20.4,-0.33697212,0.23488131,-0.7316132,0.76510966,-0.694455683,-0.872401178,-0.670062423,-0.813631475,-0.607516348,0.737997651,0.84682864,0.624913096,0.961635232,0.654174447,-0.279285139,0.314885135
2LZM,A,M,6,6,-1.4,I,65,6.5,-1.4,MET,ILE,1854726,0,-1.2,-0.67678666,0.6333991,-1.8755382,1.9371967,-1.632755041,-1.937377214,-1.346390128,-2.133294582,-2.32787466,1.681752205,1.906578064,1.42722249,2.370116711,2.300315142,-0.047221681,0.143837881
2LZM,A,K,16,16,0.5,E,67,5.3,0.5,LYS,GLU,1942034,53.6,-12.1,0.44105968,-0.501647,0.17956346,-0.3077883,0.271930993,0.31696701,0.311351418,0.0017564,-0.004186735,-0.308055878,-0.284270108,-0.528294027,-0.316212445,-0.102109253,-0.196018464,0.201735084
2LZM,A,S,38,38,0.6,D,70,5.4,0.6,SER,ASP,8771182,42.3,34,-0.2398922,0.3258263,-0.36758626,0.45224506,-0.945223033,-0.510605395,0.231815636,-0.343637049,-0.270281404,0.827295005,0.718850434,0.443066508,0.06527248,0.206740215,0.111041051,-0.321000965
2LZM,A,N,55,55,-0.6,G,42,6.5,-0.6,ASN,GLY,2511328,74.8,-68.2,-0.18064505,0.11575027,-0.13368963,-0.008531431,-0.17654267,-0.24680239,0.024384005,-0.221921951,-0.047563061,0.18121469,0.235917687,-0.192963347,-0.262699455,-0.004127629,-0.388985314,-0.521250867
2LZM,A,K,60,60,0,P,65,6.5,0,LYS,PRO,1457724,46.4,-39,-0.23738456,0.1827463,-0.76987195,0.6989291,-0.961471617,-0.544463336,-0.582918227,-1.052338362,-0.708168983,0.868547201,0.699577451,0.863309324,0.573542178,0.489672244,-0.032289289,0.018900666
2LZM,A,G,77,77,0.4,A,65,6.5,0.4,GLY,ALA,3477797,3.7,22.2,0.050859522,-0.1802633,-0.4570045,0.35907954,-0.420202881,-0.43834573,-1.314962864,-0.216614753,0.105107218,0.397996873,0.24540773,1.143749595,0.085227132,-0.076981887,0.201362726,-0.260202648
2LZM,A,A,82,82,0.8,P,65,6.5,0.8,ALA,PRO,3477797,73.9,41,-0.09473033,0.011334327,-1.1813161,1.2530711,-0.7156201,-1.443984747,-1.180498958,-0.655701458,-1.91077435,0.712132812,1.44299984,1.629271984,1.069096804,1.41185379,0.652145389,-0.79474771
2LZM,A,K,85,85,-0.6,A,58,5.4,-0.6,LYS,ALA,19384988,35.5,-80,-0.19214356,0.12642516,-0.5320203,0.47577858,-0.422593951,-0.621305168,-0.66854316,-0.803351641,-0.144307762,0.500179529,0.80193603,0.204069927,0.509343743,0.363364875,0.096475722,-0.04248818
2LZM,A,D,89,89,-0.5,A,58,5.4,-0.5,ASP,ALA,19384988,47.3,-41,-0.82694644,0.75089455,-1.2194266,1.0783708,-0.783899546,-1.191565275,-1.642275572,-1.455316544,-1.024073601,1.040002584,1.224956274,1.064777851,1.269496322,0.792619288,-0.411206331,0.212641984
2LZM,A,R,96,96,-2,A,58,5.4,-2,ARG,ALA,19384988,29.9,-81.2,-1.147665,1.2763289,-2.3447654,2.2787018,-2.267757416,-2.894517899,-1.248889327,-2.350784302,-2.961873531,2.142956972,2.815631628,1.053463101,2.139279366,3.242180824,-0.919168553,0.706319932
2LZM,A,R,96,96,-3.5,D,58,5.4,-3.5,ARG,ASP,19384988,29.9,-40.2,-1.4026979,1.3110489,-2.4029756,2.3614645,-2.388244867,-2.569854498,-1.42530489,-1.951219559,-3.680254936,2.236376762,2.629532099,1.499176741,1.948387742,3.493850231,-1.174206461,0.57292724
2LZM,A,R,96,96,-2.7,M,58,5.4,-2.7,ARG,MET,19384988,29.9,-7.4,-1.0482383,1.06505,-1.6951174,1.656537,-1.619931102,-2.16645956,-0.748817444,-1.669885159,-2.270494938,1.695999742,1.994544268,0.597422302,1.538988113,2.455729485,-0.727257345,0.384969015
2LZM,A,R,96,96,-2.5,E,58,5.4,-2.5,ARG,GLU,19384988,29.9,-13.3,-0.9132371,0.7847135,-1.8738924,1.8301426,-1.993040919,-2.004725695,-1.145887256,-1.16076827,-3.065036535,1.896098375,2.02809453,0.932788312,1.476102591,2.817630529,-1.053073603,0.418142372
2LZM,A,R,96,96,-2.6,G,58,5.4,-2.6,ARG,GLY,19384988,29.9,-103.4,-1.1954235,1.3069397,-2.8941681,2.8985186,-2.813866138,-3.233728886,-1.920695543,-2.781032562,-3.721516371,2.776777983,3.205673695,1.991165042,2.791673183,3.727302313,-1.131940451,0.971039888
2LZM,A,R,96,96,-0.3,Q,58,5.4,-0.3,ARG,GLN,19384988,29.9,-13.3,-0.13932154,0.053013258,-0.8699039,0.8522798,-1.272665143,-1.075965405,-0.337344617,-0.578836977,-1.084708571,1.117723703,1.239408255,0.058767907,0.69477129,1.150727868,-0.035499627,-0.052235621
2LZM,A,R,96,96,-3.1,H,58,5.4,-3.1,ARG,HIS,19384988,29.9,-7.4,-1.0351343,0.9773262,-1.7310724,1.6589245,-1.971154809,-2.244526148,-0.453945369,-1.762550354,-2.223183155,1.927657604,2.019616842,0.13198553,1.90746212,2.30790329,-1.090134943,0.283859101
2LZM,A,R,96,96,-3,N,58,5.4,-3,ARG,ASN,19384988,29.9,-35.2,-1.1371473,1.1038615,-2.2851,2.2426403,-2.217335224,-2.78676486,-1.354478478,-2.081651688,-2.985267401,2.091552019,2.55134654,1.429260373,2.065536022,3.075507164,-1.081907082,0.550305007
2LZM,A,R,96,96,0,K,58,5.4,0,ARG,LYS,19384988,29.9,-1.3,-0.34796038,0.32341808,-1.1508169,1.1167166,-1.204337716,-1.33259201,-0.900826812,-0.9627527,-1.353574514,1.196117163,1.309346914,0.41065684,1.200342894,1.467121124,-0.317487866,0.343602444
2LZM,A,R,96,96,-2.6,S,58,5.4,-2.6,ARG,SER,19384988,29.9,-74.3,-1.0816983,1.0711709,-2.4205146,2.2907872,-2.364438057,-2.692993641,-1.43727386,-2.369222641,-3.238646269,2.219407558,2.585423231,1.268202186,2.215842247,3.165060282,-1.211020344,1.125515753
2LZM,A,R,96,96,-4.7,Y,58,5.4,-4.7,ARG,TYR,19384988,29.9,39.8,-1.2711748,1.3310553,-2.390146,2.2878237,-2.298396111,-2.942875862,-1.361563325,-2.153892994,-3.194001198,2.242444992,2.556168318,0.919357359,2.313669682,3.40748024,-0.225330335,-0.358065029
2LZM,A,R,96,96,-2.4,V,58,5.4,-2.4,ARG,VAL,19384988,29.9,-29,-1.4809176,1.4979008,-2.6523063,2.5750587,-2.219547749,-2.793482304,-1.764425397,-2.820637703,-3.663439512,2.191171408,2.576984882,1.580163717,2.616413116,3.910560369,-0.868020924,0.789367655
2LZM,A,R,96,96,-4.5,W,58,5.4,-4.5,ARG,TRP,19384988,29.9,63.3,-0.97285616,0.9372039,-1.6525205,1.631345,-1.4519279,-2.096358776,-0.816081047,-1.624393106,-2.27384305,1.469985008,1.756495237,0.498504907,1.695491314,2.736249685,-0.749513364,-0.734622158
2LZM,A,A,98,98,-4.9,V,40,3,-4.9,ALA,VAL,1920439,0,52.3,-0.30986795,0.30708686,-1.6093729,1.6857846,-1.51218164,-1.833673477,0.985270143,-2.034354687,-3.651925325,1.616700292,1.834664106,-0.911403596,2.283279419,3.605683327,-1.063147571,0.873190907
2LZM,A,Q,105,105,-0.6,A,66,5.8,-0.6,GLN,ALA,8460110,29.6,-67.9,-0.76351166,0.5941622,-0.5992658,0.42124897,-0.908179104,-0.127937466,-0.426711768,-0.919540167,-0.613961339,0.786239982,0.138364241,-0.233040899,0.784821033,0.629859805,-0.756525386,0.938542184
2LZM,A,Q,105,105,-1.1,E,66,5.8,-1.1,GLN,GLU,8460110,29.6,0,-0.7753864,0.58713853,-1.1237518,1.1298954,-1.248814583,-1.37651372,-1.075054049,-0.912554979,-1.005820394,1.436431766,1.358150005,0.972733378,0.925653279,0.956511438,-0.79272702,0.512465792
2LZM,A,Q,105,105,-1.5,G,66,5.8,-1.5,GLN,GLY,8460110,29.6,-90.1,-1.2764361,1.1938943,-1.3670563,1.3214657,-1.61593914,-0.358321428,-0.84201014,-1.897479892,-2.121530056,1.577894568,0.830540776,0.433187336,1.747203231,2.018502235,-0.958943688,0.895589676
2LZM,A,G,113,113,0.3,A,65,6.5,0.3,GLY,ALA,1457724,61.3,22.2,0.49983078,-0.5694555,0.44287258,-0.5056552,0.4790169,0.656464279,0.424282193,0.372150838,0.282445908,-0.465949237,-0.653461456,-0.453551978,-0.574056804,-0.381254673,-0.291722407,0.14700775
2LZM,A,T,115,115,0.3,E,65,6.5,0.3,THR,GLU,1854726,57.7,26.9,-0.1563245,0.035621475,-0.2204881,0.14451565,0.132718816,-0.601461709,-0.619143248,0.012135878,-0.026690185,-0.077485055,0.702696621,0.182347536,-0.06743665,-0.017543368,-0.240190998,0.151513142
2LZM,A,N,116,116,0.6,D,66,5.7,0.6,ASN,ASP,1911773,52,-5,-0.13290694,-0.002095911,-0.51513076,0.50584775,-0.282572687,-0.789013326,-1.156295896,-0.523954272,0.176180527,0.432845116,0.668108106,1.022950411,0.431220055,-0.025885537,-0.427662663,0.363856437
2LZM,A,R,119,119,0,E,67,5.3,0,ARG,GLU,1942034,44.4,-13.3,0.23903573,-0.36278418,0.30872658,-0.50555074,0.547827482,0.321015358,0.592893541,-0.045980394,0.127878532,-0.522024453,-0.246291339,-1.321884632,-0.271465331,-0.166083977,-0.303111059,0.299108387
2LZM,A,Q,123,123,0.4,E,65,6.5,0.4,GLN,GLU,1854726,51.7,0,0.2101878,-0.32406646,0.056240775,-0.083618596,0.109729245,-0.221224517,0.220977172,0.044666819,0.127056003,0.040502816,0.20370692,-0.517495334,0.016936749,-0.161745235,0.110484488,-0.120542434
2LZM,A,K,124,124,-0.1,G,42,6.5,-0.1,LYS,GLY,2511328,42.9,-102.2,-0.38886312,0.39099368,-0.57511896,0.59672534,-0.567361414,-0.781072915,-1.143264413,-0.161229551,-0.222666308,0.594775915,1.029352069,1.072595477,0.06971442,0.217189938,0.645841522,-0.648092459
2LZM,A,V,131,131,0.3,A,41,2,0.3,VAL,ALA,1304917,55.1,-52.3,-0.015322755,-0.039049733,0.13378432,-0.20430398,0.022886194,-0.147057131,0.300434798,0.156755581,0.335902929,-0.052252915,-0.177130491,0.10350766,-0.431660265,-0.463979721,0.293831277,-0.466444101
2LZM,A,V,131,131,0.1,D,53,3,0.1,VAL,ASP,8289284,55.1,-11.3,0.24664661,-0.42892447,0.030111339,0.045554794,0.101707041,0.212659761,-0.122229286,0.129560679,-0.171141878,-0.089044422,-0.34548831,0.517527401,-0.053895265,0.198671505,-0.362042164,-0.402478058
2LZM,A,V,131,131,-0.7,G,53,3,-0.7,VAL,GLY,8289284,55.1,-74.5,-0.49687713,0.42035514,-0.5279486,0.48215503,-0.542400181,-0.715091109,-0.292845756,-0.638354897,-0.451051593,0.483663797,0.543734312,0.30011636,0.650716305,0.432546258,-0.586459504,0.062966319
2LZM,A,V,131,131,0.2,I,53,3,0.2,VAL,ILE,8289284,55.1,20.4,-0.090010904,-0.107466444,-0.35764226,0.41391724,-0.339701355,-0.319878012,-0.41906321,-0.407954007,-0.301615,0.387967259,0.238695323,0.443392545,0.684217036,0.315312922,0.128129983,-0.125381747
2LZM,A,V,131,131,0.1,L,53,3,0.1,VAL,LEU,8289284,55.1,27.7,-0.007821037,-0.103885785,-0.6134491,0.5859871,-0.437932402,-0.388851702,-1.20915699,-0.508870542,-0.522436082,0.388065994,0.357189626,1.069724202,0.551699519,0.563258886,0.119429287,-0.24946684
2LZM,A,V,131,131,-0.1,S,53,3,-0.1,VAL,SER,8289284,55.1,-45.3,0.3906788,-0.38871944,0.1919584,-0.31870133,0.319986731,0.121682376,0.418946892,-0.036360085,0.135532081,-0.42487818,-0.341378629,-0.46618095,-0.206065506,-0.154998302,-0.349648512,-0.042293557
2LZM,A,V,131,131,0.1,M,53,3,0.1,VAL,MET,8289284,55.1,21.6,0.17971191,-0.3156201,0.17995405,-0.15429582,0.256530762,0.189996123,-0.014655756,0.23372072,0.234179392,-0.184262902,-0.332763284,0.059016526,-0.104699597,-0.208770335,-0.445950849,0.109656196
2LZM,A,V,131,131,0.2,E,53,3,0.2,VAL,GLU,8289284,55.1,15.6,0.4044637,-0.5749886,0.27142408,-0.22051671,0.277076989,0.242042243,0.605952919,0.156536102,0.075509965,-0.352644652,-0.44185549,0.208786666,-0.376172632,-0.140698642,-0.191882306,-0.398817912
2LZM,A,L,133,133,-4.2,A,41,2,-4.2,LEU,ALA,1304917,0.6,-80,-2.2519634,2.1675792,-3.3573315,3.3330092,-3.341642141,-2.482086897,-3.526173353,-3.541918278,-3.894833088,3.185663462,2.31664753,3.682569265,3.625386238,3.854781151,-1.68423763,1.151047954
2LZM,A,K,135,135,-1,E,67,5.3,-1,LYS,GLU,1942034,65,-12.1,-0.11447201,0.04197451,-0.47826105,0.5048795,-0.217873931,-0.459461987,-0.659887254,-0.328575224,-0.725503623,0.206553981,0.239388213,0.932941675,0.342867464,0.802644789,-0.390390538,0.33765449
2LZM,A,N,144,144,0.4,D,70,5.4,0.4,ASN,ASP,8771182,67,-5,0.15196776,-0.21541984,-0.26726308,0.26180363,-0.311217666,-0.409962296,-0.585403919,-0.057207286,0.027475297,0.491759241,0.68444711,0.268591225,-0.048715159,-0.087064669,-0.244429585,0.24610559
2LZM,A,K,147,147,-0.7,E,67,5.3,-0.7,LYS,GLU,1942034,38,-12.1,-0.11284821,0.060800474,-0.07262228,0.13755353,-0.301257938,0.004471287,0.291995198,-0.089653879,-0.268666506,0.244559959,-0.133870453,0.202450022,0.015600309,0.359030545,-0.107655513,-0.027768677
2LZM,A,V,149,149,-2.2,C,40,3,-2.2,VAL,CYS,1920439,0,-37.8,-0.9084153,0.7794018,-0.8533987,0.825535,-1.651575565,-0.47008127,1.51067543,-1.73331368,-1.92269659,1.614376903,0.444286138,-1.647046566,1.797457099,1.918601274,-1.237536013,0.377554437
2LZM,A,T,152,152,-2.6,S,40,3,-2.6,THR,SER,1920439,0,-34,-0.7623269,0.6207112,-1.4439762,1.5433037,-1.507952094,-1.237149715,-1.192082524,-1.420281887,-1.862413764,1.533909082,1.239783049,1.399113059,1.592275023,1.951440454,-1.064728742,0.787733913
2LZM,A,R,154,154,-1.1,E,67,5.3,-1.1,ARG,GLU,1942034,32.8,-13.3,-0.4382662,0.46461955,-0.7203122,0.7989389,-0.679259956,-0.620711148,-0.641879201,-0.761084139,-0.898625195,0.649105847,0.580973983,1.364473701,0.58013761,0.820007384,-0.22123355,0.182543455
2LZM,A,G,156,156,-2.3,D,65,6.5,-2.3,GLY,ASP,3680274,20.3,63.2,-1.6062405,1.4618813,-2.3650727,2.4179516,-2.314451218,-1.205618382,-2.644573927,-2.79304266,-2.867677927,2.436990499,1.178919315,2.652959347,2.918190002,2.902698994,-0.666727126,0.65727469
2LZM,A,T,157,157,-0.5,A,54,3,-0.5,THR,ALA,1993203,32.1,-41,-0.3583415,0.27022946,-0.73828155,0.6371088,-0.785373211,-0.179558218,-0.865160584,-0.996177614,-0.865137041,0.681810439,0.247777909,0.781182051,0.699263692,0.775507629,-0.677994085,0.447871296
2LZM,A,T,157,157,-1.3,C,42,2,-1.3,THR,CYS,24591301,32.1,-26.5,-0.5450836,0.35859832,-0.54672366,0.59852767,-0.86930567,0.109056115,0.389224887,-0.97755146,-1.385043859,0.920096219,-0.101410061,-0.300586015,1.078229189,1.396311045,-0.474573492,-0.000618884
2LZM,A,T,157,157,-1.1,D,42,2,-1.1,THR,ASP,24591301,32.1,0,-0.4752497,0.34540653,-0.8867038,0.9701606,-1.16251564,-0.496882498,-0.398508966,-1.086770773,-1.288840413,1.266138077,0.408056378,0.576643527,1.272471309,1.32749331,-0.705500136,0.427752502
2LZM,A,T,157,157,-0.8,E,54,3,-0.8,THR,GLU,1993203,32.1,26.9,0.033814978,-0.21890938,-0.7514347,0.50180244,-0.771929502,0.047529042,-0.705424488,-1.213563561,-1.113785028,0.571649253,-0.124386773,0.353500426,0.712624669,0.995624721,-0.502944248,-0.215424448
2LZM,A,T,157,157,-2.4,F,42,2,-2.4,THR,PHE,24591301,32.1,72.7,-0.9671575,0.87366116,-1.9093657,2.0001264,-2.094815016,-0.806088686,-1.208750367,-2.34702301,-3.09015131,2.079263926,0.864590943,1.437439203,2.614467621,3.004873753,-0.516216776,0.442092197
2LZM,A,T,157,157,-1.1,G,42,2,-1.1,THR,GLY,24591301,32.1,-63.2,-0.64039457,0.41846713,-0.83248633,0.8557104,-1.25388062,-0.462836742,-0.678350866,-0.695500612,-1.071863651,1.279883265,0.324563086,0.54317379,0.95966351,1.171269417,-1.054834214,0.688718859
2LZM,A,T,157,157,-2.1,H,42,2,-2.1,THR,HIS,24591301,32.1,32.8,-0.65231216,0.51740885,-0.94167864,0.94421685,-1.218437552,-0.348676711,-0.802685738,-0.994086146,-1.344507456,1.261134863,0.352685034,0.654758632,1.192065001,1.260441303,-0.734084854,0.383144081
2LZM,A,T,157,157,-1.5,I,54,3,-1.5,THR,ILE,1993203,32.1,31.6,-0.4310299,0.36631557,-1.1143708,1.1724616,-1.347805977,-0.399748862,-1.023009896,-1.237795353,-1.563493133,1.362543583,0.353639722,1.144207358,1.337881327,1.664036989,0.142420481,-0.157541606
2LZM,A,T,157,157,-1.7,L,54,3,-1.7,THR,LEU,1993203,32.1,39,-0.31929678,0.29494864,-1.1575369,0.9952396,-1.324579358,-0.274357259,-1.178413033,-1.621032119,-1.389299035,1.193131924,0.235659271,0.889812112,1.326658726,1.330933928,-0.153597284,0.189782555
2LZM,A,T,157,157,-1.2,N,54,3,-1.2,THR,ASN,1993203,32.1,5,-0.20769182,0.047990408,-0.65877306,0.63806736,-0.964151442,0.082255542,-0.287293524,-1.007398129,-1.117280364,0.849041522,0.060153931,0.365370721,0.825907826,1.089869142,-0.269454938,0.185524605
2LZM,A,T,157,157,0.3,R,54,3,0.3,THR,ARG,1993203,32.1,40.2,-0.65593475,0.45581108,-0.878024,0.8547761,-1.03434813,-0.391948491,-1.091691494,-0.969833136,-0.902297735,1.136849523,0.27196753,0.985538185,1.020607591,0.858918488,-0.587790392,0.3742312
2LZM,A,T,157,157,-0.7,S,42,2,-0.7,THR,SER,24591301,32.1,-34,-0.0683135,-0.040568266,-0.517221,0.43482113,-0.626455784,0.014494911,-0.271552026,-0.804395199,-0.898196161,0.508773804,0.14806968,0.2001279,0.575719774,0.741415322,-0.65894516,0.504676747
2LZM,A,T,157,157,-1.2,V,54,3,-1.2,THR,VAL,1993203,32.1,11.3,-0.5546299,0.5209477,-1.5235837,1.523953,-1.476163268,-1.041879654,-1.637423754,-1.694005847,-1.768442512,1.406363368,1.026682615,1.5785079,1.839735985,1.768475294,-0.134837488,-0.251199817
2RN2,A,D,10,10,0.9,N,50,6,0.9,ASP,ASN,8955106,9,5,0.10577061,-0.18547857,0.59887,-0.52400625,0.492441267,-0.523341715,0.842819393,1.099535942,1.08289659,-0.411952913,0.537093997,-0.836002052,-0.894210041,-1.014961243,0.488073798,-0.513673113
2RN2,A,E,48,48,0.2,Q,50,6,0.2,GLU,GLN,8955106,11.1,0,-0.34834963,0.29707155,-0.12871309,0.2039169,-0.104616657,-0.501958311,-0.042593487,0.089446336,-0.083844393,0.271633297,0.513702154,0.131095931,-0.024842866,0.127996936,-0.587275336,-0.129396155
2RN2,A,A,52,52,-0.5,F,53,3.2,-0.5,ALA,PHE,9228039,0.3,113.7,-0.2512065,0.2491357,-0.68463737,0.7601597,-0.556922734,-0.926325142,-0.707931936,-0.817068994,-0.414937377,0.726299345,0.979121208,0.715774953,0.914684951,0.4649176,-0.382862198,0.510331157
2RN2,A,A,52,52,1.9,I,53,3.2,1.9,ALA,ILE,9228039,0.3,72.6,1.1251321,-1.2217432,1.2526941,-1.3924364,1.471665144,-0.576054394,1.457923174,1.933147788,1.97678709,-1.61524415,0.335458636,-1.487851739,-2.156246662,-2.038295269,0.577932003,-0.921231778
2RN2,A,A,52,52,1.3,L,53,3.2,1.3,ALA,LEU,9228039,0.3,80,-0.1668007,0.12913752,0.26923928,-0.23869725,0.367441058,-1.386455059,0.913954914,0.609150052,0.842104256,-0.151290685,1.545443058,-0.92615211,-0.763395071,-0.898086905,0.606717012,-0.603131565
2RN2,A,A,52,52,1.7,V,53,3.2,1.7,ALA,VAL,9228039,0.3,52.3,1.1881874,-1.2190616,0.8910144,-0.9824543,1.428725839,-0.52664566,1.27776289,0.987493634,1.287736177,-1.501053452,0.367587924,-1.278927445,-1.15689528,-1.342981935,0.913320919,-0.860048366
2RN2,A,H,62,62,0.4,A,25,5.5,0.4,HIS,ALA,1645658,66.1,-73.8,0.23805442,-0.38620356,0.56292933,-0.5208403,0.244709268,0.838300347,0.321273476,0.834672511,0.575691164,-0.123693034,-0.956200778,-0.253740311,-0.660566032,-0.609998882,0.058035439,-0.21203034
2RN2,A,H,62,62,1.1,P,25,5.5,1.1,HIS,PRO,1328237,66.1,-32.8,1.1444981,-1.241685,1.8279114,-1.8163898,1.326980829,1.809836864,2.501755953,1.754025936,1.746956229,-1.252165675,-1.936916828,-2.205136538,-1.609663606,-2.078065872,0.148746632,-0.27772381
2RN2,A,D,70,70,0.9,N,50,6,0.9,ASP,ASN,8955106,36.3,5,-0.08154507,0.039927192,0.20376436,-0.11806695,0.482296139,-0.842372537,0.550422847,0.403195202,0.425279438,-0.244048774,0.796754241,-0.49870792,-0.289304823,-0.355029583,-0.34416992,0.326638624
2RN2,A,V,74,74,1,L,53,5.5,1,VAL,LEU,3191114,0.5,27.7,0.5447689,-0.5241419,1.1194475,-1.1199281,1.128480196,1.17073822,1.022243023,1.138466358,1.137309313,-1.139958262,-1.163826704,-1.013480544,-1.088287354,-1.194085121,-0.132702537,0.159490722
2RN2,A,V,74,74,0.6,I,53,5.5,0.6,VAL,ILE,3191114,0.5,20.4,0.04176102,-0.12434969,0.19125107,-0.16191871,0.210150421,-0.260728747,0.356002063,0.204802871,0.446030915,-0.124990866,0.215701461,-0.267510176,-0.327641606,-0.305152178,-0.448165008,0.455295774
2RN2,A,G,77,77,-0.9,A,50,3,-0.9,GLY,ALA,8393706,0,22.2,-0.9016801,0.8708471,-0.9159805,0.95513994,-0.838397682,-1.357364655,-0.926568508,-0.647653818,-0.809918761,0.821849108,1.425152779,0.973553002,0.790437579,0.764711022,0.237779666,-0.243797836
2RN2,A,K,95,95,0.1,A,52,5.5,0.1,LYS,ALA,1331044,61.8,-80,-0.11479749,0.21692476,-0.22939105,0.18640344,0.148004562,-1.057243109,-0.143809915,-0.062649369,-0.03125754,-0.134045675,0.995213568,0.138582483,-0.061208546,-0.006521221,-0.215217059,0.21488135
2RN2,A,K,95,95,1.9,G,52,5.5,1.9,LYS,GLY,1331044,61.8,-102.2,0.69514096,-0.86309355,0.9003619,-0.9943458,1.156764984,-0.709792435,1.379778981,1.169165611,1.50589633,-1.262454987,0.502841234,-1.403014064,-1.273709655,-1.53538835,0.2344539,-0.469975093
2RN2,A,K,95,95,0.9,N,52,5.5,0.9,LYS,ASN,1331044,61.8,-34,0.57261777,-0.5528084,0.76248026,-0.77060187,0.768708587,-0.075069413,0.913072944,1.081899405,1.123791456,-0.705823183,0.109725684,-0.866883039,-1.240656257,-1.149368882,-0.097842398,-0.161587366
2RN2,A,D,134,134,2.1,A,50,5.5,2.1,ASP,ALA,8125123,33.9,-41,0.0913946,-0.17423087,1.2875631,-1.2106786,1.398180604,0.51521337,1.416068196,1.523207664,1.585144043,-1.295633316,-0.560659528,-1.350073576,-1.390295267,-1.456731081,0.838139174,0.420780073
2RN2,A,D,134,134,2.3,H,50,5.5,2.3,ASP,HIS,8125123,33.9,32.8,0.0997456,-0.12577179,0.6999156,-0.5997101,0.898641825,-0.200921476,1.220893025,0.691430509,0.889531553,-0.892784476,0.285469443,-1.183111072,-0.442162901,-0.765961409,0.351370133,0.308191565
2RN2,A,D,134,134,1,N,50,5.5,1,ASP,ASN,8125123,33.9,5,0.016346917,-0.12722737,0.5431589,-0.45757207,0.747683108,-0.164001316,0.560861766,0.874500632,0.69675082,-0.555724978,0.187240243,-0.471668363,-0.802901328,-0.644805074,0.44089692,-0.346354326
4LYZ,A,M,12,12,0.5,F,35,5.5,0.5,MET,PHE,11266617,1.5,39.8,0.21116583,-0.24215376,0.34983927,-0.3555804,0.268957317,0.416211098,0.407871753,0.352310538,0.303844869,-0.387136579,-0.433310926,-0.349421054,-0.248200268,-0.359833956,-0.161640648,0.179634168
4LYZ,A,M,12,12,-0.4,L,35,5.5,-0.4,MET,LEU,11266617,1.5,6.1,0.7228488,-0.69084424,0.31499213,-0.19183429,0.7963202,0.890767992,-0.419873774,0.322091967,-0.014343534,-0.63404578,-0.812161446,0.503072619,-0.108763985,0.092729002,0.161838736,-0.109529054
4LYZ,A,T,40,40,-0.3,S,74,6.4,-0.3,THR,SER,8535241,0.8,-34,-0.9143217,0.9024866,-0.886855,0.9581482,-1.320741773,-1.291118622,-0.452605098,-0.912821293,-0.456987977,1.408284307,1.23419714,0.482455075,1.112097383,0.553707242,-0.86974697,0.815988999
4LYZ,A,G,49,49,-0.7,A,25,2.7,-0.7,GLY,ALA,11112507,22.3,22.2,-0.7016764,0.7169978,-0.8223602,0.90679777,0.146607786,-0.212450147,-1.562406301,-1.041790605,-1.441759706,-0.021053273,0.2874749,1.602738738,1.216391325,1.448437214,-0.816395844,0.789984475
4LYZ,A,I,55,55,-0.9,V,74,6.4,-0.9,ILE,VAL,8535241,2.5,-20.4,-0.6593972,0.64636874,-0.8193016,0.8893118,-0.674078166,-0.6780141,-1.044699788,-0.574698627,-1.125019193,0.786762774,0.621595442,1.088780642,0.763565361,1.185856342,-0.960118634,0.932610271
4LYZ,A,I,58,58,-1.2,M,35,5.5,-1.2,ILE,MET,11477222,1.6,1.2,-1.2687849,1.2260273,-1.3494802,1.3936465,-1.663427114,-1.297559023,-1.420565605,-1.176878333,-1.188971519,1.75817728,1.269164801,1.519384027,1.26292634,1.158581257,-0.775087384,0.739213976
4LYZ,A,G,67,67,-0.5,A,25,2.7,-0.5,GLY,ALA,11112507,80.6,22.2,-0.5312919,0.5324051,-0.6580191,0.7557958,-1.006148696,-0.092328146,-0.845253766,-0.717074692,-0.629290462,1.29801023,0.214184791,0.845737875,0.831795156,0.589252889,-0.690915201,0.607336329
4LYZ,A,G,71,71,-2.1,A,25,2.7,-2.1,GLY,ALA,11112507,37,22.2,-0.28734085,0.2316843,-0.31761318,0.38528293,-0.553731918,-0.103129745,-0.398076057,-0.224665359,-0.30846256,0.740750968,0.02350447,0.545378387,0.362918198,0.253862798,-0.140363036,0.13401353
4LYZ,A,I,78,78,-0.9,M,35,5.5,-0.9,ILE,MET,11477222,30.1,1.2,-0.9869033,0.8869392,-0.7267012,0.7993643,-0.858729362,-0.723270833,-0.543493032,-0.718686938,-0.78932488,0.997968674,0.633740902,0.629448056,0.850999594,0.884663761,-0.651300574,0.604957564
4LYZ,A,S,91,91,-0.2,A,74,6.4,-0.2,SER,ALA,8535241,0.3,-6.9,-0.438299,0.38765916,-0.43091512,0.50738746,-1.037909985,-0.713565826,-0.112015732,-0.067438737,-0.223642603,1.168411255,0.637340903,0.118006863,0.312026024,0.301153362,-0.006972003,-0.008904232
4LYZ,A,S,91,91,1,T,74,6.4,1,SER,THR,8535241,0.3,34,0.050169818,-0.005130713,-0.014334237,0.06575166,-0.344923735,-0.587669075,0.52504015,-0.207212776,0.543094397,0.513550162,0.502503514,-0.568215728,0.420162588,-0.539240777,-0.291777952,0.259938923
4LYZ,A,I,98,98,-0.9,M,35,5.5,-0.9,ILE,MET,11477222,5.5,1.2,-0.86852187,0.83001053,-0.6408496,0.75449145,-1.508188963,-0.222963452,-0.803159773,-0.077377342,-0.592559695,1.694118381,0.312369525,0.909617186,0.259026468,0.597323895,-1.046339613,1.05260544
4LYZ,A,G,102,102,-1.2,A,25,2.7,-1.2,GLY,ALA,11112507,65.2,22.2,0.15467238,-0.1859085,0.48895532,-0.39328426,0.674970686,0.888230801,0.114458106,0.388792306,0.378324389,-0.544254184,-0.890861869,-0.06458775,-0.134666204,-0.33205086,-0.182182479,-0.273730984
4LYZ,A,G,117,117,-0.8,A,25,2.7,-0.8,GLY,ALA,11112507,90,22.2,-1.0893382,1.0280733,-1.2596794,1.3173492,-1.185052156,-1.209716082,-1.485608459,-1.139717817,-1.278301001,1.265757918,1.114655018,1.464334726,1.406597018,1.335401773,-0.623086311,0.614013211
5PTI,A,F,22,22,-1.2,A,25,2,-1.2,PHE,ALA,7686069,9.8,-113.7,-2.7325249,4.951857,-2.469269,2.3629677,-1.567584872,-6.57783556,-1.41240406,-1.407919288,-1.380603671,1.415825367,6.934026718,1.35460186,0.838815868,1.271570683,-1.224220145,1.255268006
5PTI,A,Y,23,23,-5.9,A,25,2,-5.9,TYR,ALA,7686069,6.2,-121,-4.8761735,4.543744,-3.5984566,3.3350906,-3.077357292,-5.368433952,-2.073498964,-3.522733212,-3.950261831,3.426520586,4.602907658,1.530625701,3.210223198,3.905182362,-1.335995907,1.431625245
5PTI,A,Y,35,35,-5,G,25,2,-5,TYR,GLY,7686069,7.3,-143.3,-3.9062686,4.0963097,-4.2034836,4.1479826,-4.672978401,-1.606853485,-5.103963852,-4.761106968,-4.872514248,4.464930534,2.090380669,5.046286106,4.374164581,4.764151096,-1.949980658,1.769711429
5PTI,A,N,43,43,-5.7,G,25,2,-5.7,ASN,GLY,7686069,1.5,-68.2,-1.9292285,2.1011677,-1.1972468,1.176589,-1.845421195,-0.493699014,-1.443761587,-0.679554999,-1.523799062,1.933852792,0.737232745,1.16656971,0.582308948,1.462979198,-1.115533908,0.879385848
5PTI,A,F,45,45,-6.9,A,25,2,-6.9,PHE,ALA,7686069,7.3,-113.7,-3.995771,3.9452934,-4.410328,4.475618,-4.086201668,-3.781865835,-4.078791618,-4.752466202,-5.352315903,3.981645584,4.018549919,4.376577377,4.702510834,5.298802853,-1.395212434,1.567646931
